A,
Abb， Pascal,艾沛思
Abt， Oded,歐克德
Acton， Harold,艾克頓
Adamek， Piotr,顧孝永
Adamek， Wendi,韋聞笛
Adler， Joseph A.,艾周思
Admussen， Nick,安敏軒
Afonina， Liubov,劉雨馨
Aguilar Sánchez， Victor Manuel,歐衛道
Ahn， Byung-joon,安秉俊
Ahn， Juhn,安俊泳
Aijmer， Göran,艾堯仁
Akwen， Charles,文稼山
Alejandrino， Clark L.,蔡瀚霖
Alberts， Eli N.,伊萊
Alexander， Katherine,亞天恩
Alford， William P.,安守廉
Alger， Grant,葛治平
Alitto， Guy Salvatore,艾愷
Allan， Sarah,艾蘭
Allen， Joseph R.,周文龍
Allen， Young John,林樂知
Allinson， Robert E.,愛蓮心
Allio， Fiorella,艾茉莉
Allsen， Thomas T.,艾爾森
Almeida， Wilson,歐威信
Alperen， Ümit,鄭和
Alsford， Niki,歐尼基
Altenburger， Engelbert,古堡
Altenburger， Roland,安如巒
Álvarez， José Ramón,雷孟篤
Alyagon， Elad,樂永天
Amelung， Iwo,阿梅龍
Ames， Roger T.,安樂哲
Amory， Judith M.,梅珠迪
An， Sooyoung,安洙英
Anagnost， Ann S.,安德訓
Anderl， Christoph,安東平
Andersen， Poul,安保羅
Anderson， James A.,安齊毅
Anderson， Marston,安敏成
Andersson， Johan G.,安特生
Andolfatto， Lorenzo,安羅嵐
Andrade， Tonio,歐陽泰
Andreas， Joel,安舟
Andreini， Attilio,艾帝
Andrew， Anita M.,安竹
Andrews， Julia F.,安雅蘭
Andrews， Susan,安素桑
Andrš， Dušan,安德昌
Ang， Isabelle,洪怡沙
Ang， Ming Chee,洪敏芝
Angle， Stephen,安靖如
Aoki， Michiko,青木美智子
Apatóczky， Ákos Bertalan,阿保磯
Arcodia， Francesco,馬振國
Arecanli， Sare,李瑞
Ariel， Yoav,歐永褔
Arkush， R. David,歐達偉
Armijo， Jackie,艾敏慧
Arnaud， Veronique,艾諾
Arrault， Alain,華瀾
Asakura， Tomomi,朝倉友海
Asher， R.E.,阿舍
Asim， Ina,康怡諾 / 康依娜
Assandri， Friederike,李可
Astley， Ian,艾易安
Atwell， William S.,艾維四
Atwill， David G.,龍戴維
Au， Chung-to,歐仲桃
Aubin， Françoise,鄂法蘭
Aurousseau， Léonard Eugène,鄂盧梭
Ayscough， Florence,艾思柯
,
B,
Babcock， Sarah J.,白慧學
Bacalso， Felipe,陳輝立
Bachhofer， Ludwig,巴赫霍夫
Bachner， Andrea,白安卓
Backus， Robert,拔苦子
Bae， Young Ja,裴英子
Bae， Sookhee,裴淑姬
Bagchi， P.C.,師覺月
Baggio， Giacomo,巴喬
Bagi， Judit,劉方
Bai， Jianhua,白建華
Bai， Limin,白莉民
Bai， Qianshen,白謙慎
Baik， Chang Jae,白昌宰
Bailey， Paul J.,白貝利
Baker， Hugh D. R.,裴達禮
Baker， Timothy,貝克定
Bakken， Børge,白肯
Balabanova， Severina Angelova,謝薇娜
Balazs， Étienne (Stefan),白樂日
Balcom， John,陶忘機
Balcom， Yingtsih,黃瑛姿
Baldanza， Kathlene,白凱琳
Balkwill， Stephanie Lynn,白思芳
Ballantine， Joseph William,包蘭亭
Ballin， Ursula,吳素樂
Baltgalve， Agita,鮑葛薇
Banck， Werner,龐緯
Bandy， John,班健
Bao， Shuming,鮑曙明
Baptandier， Brigitte,貝桂菊
Baranovitch， Nimrod,尼曼
Barbieri-Low， Anthony,李安敦
Barlow， Tani E.,白露
Barmé， Geremie R.,白傑明
Barnard， Noel,巴納
Barnes， Nicole,江松月
Barnett， Arthur Doak,鮑大可
Barnett， Robert Warren,鮑華倫
Barnhart， Richard M.,班宗華
Barr， Allan,白亞仁
Barrett， David Dave,包瑞德
Barrett， Timothy H.,巴雷特
Barry， Peter,薀順天
Barss， Edward,余小龍
Bartlett， Beatrice S.,白彬菊
Bartlett， Thomas Carl,白慕堂
Barton， David,白大維
Basciano， Bianca,白夏儂
Bastid-Bruguière， Marianne,巴斯蒂
Bauer， Robert S.,包睿舜
Bauer， Wolfgang,鮑吾剛
Bauer-Zhao， Lisa,包麗莎
Baum， Richard,包瑞嘉
Baxter， Bill / ~ William H. III,白一平
Baxter， Glen W.,白思達
Bayala， Viviane,魏薇安
Beattie， Hilary J.,白蒂
Beauclair， Inez de,鮑克蘭
Beaupre， Charles P.,包凡羽
Beckwith， Christopher,白桂思
Bedeski， Robert Edward,白德基
Behr， Wolfgang,畢鶚
Behrsing， Siegfried,貝爾森
Béja， Jean-Philippe,白夏
Belk， Russell W.,白樂壽
Bell， Corey,鍾可力
Bell， Daniel A.,貝淡寧
Bell， Gregory,鍾瑞歌
Bellassen， Joël,白樂桑
Bender， Mark,馬克．本德爾
Benedict， Paul,白保羅
Benn， James,貝劍銘
Bennett， Gwen P.,關玉琳
Benney， Jonathan,白長生
Benton， Gregor,班國瑞
Berezkin， Rostislav,白若思
Berger， Patricia A.,白瑞霞
Bergère， Marie-Claire,白吉爾
Bergeton， Uffe,藍悟非
Berkowitz， Alan,柏士隱
Berling， Judith,白居惕
Berman， Lex,貝明遠
Bernard， Henri,裴化行
Berndt， Andreas,博安德
Bernhardt， Kathryn,白凱
Bernstein， Thomas P.,白思鼎
Berrocal， María Cruz,古愛琳
Berry， Michael,白睿文
Berthrong， John,白詩朗
Bertuccioli， Giuliani,白佐良
Besio， Kimberley,金葆莉
Bi， Jianxiang,畢建祥
Biallas， Franz Xaver,鮑潤生
Bian， Yanjie,邊燕傑
Bianchi， Alice,愛麗絲
Bianchi， Ester,黃曉星
Bianco， Lucien,畢仰高
Bichler， Lorenz,畢羅然
Bichurin， Nikita Yakovlevich,比丘林
Bickers， Robert,畢可思
Bidlack， Bede,畢智山
Bieg， Lutz,畢格
Bielenstein， Hans,畢漢思
Biggerstaff， Knight,畢乃德
Billeter， Jean-François,畢來德
Billioud， Sébastien,畢遊塞
Bingaman， Eveline,張慧娜
Bingham， Woodbridge,賓板橋
Bingenheimer， Marcus,馬德偉
Bingham， Woodbridge,賓板橋
Biot， Édouard Constant,畢甌、畢歐
Biran， Michal,彭曉燕
Birch， Cyril,白芝
Birge， Bettine,柏清韵
Birtwistle， Andrew,張宏凱
Bisson， Thomas Arthur,畢恩來
Bizais-Lillig， Marie,畢茉莉
Blader， Susan,白素貞
Blahota， Martin,馬金
Blake， Fred,柏樺
Blakeley， Barry B.,蒲百瑞
Blasko， Dennis J.,卜思高
Blau， Rosie,白玫
Blinova， Olga,郭靜云
Bloom， Phillip E.,卜向榮
Blumenthal， Dan,卜大年
Blussé， Leonard,包樂史
Bøckman， Harald,勃克曼
Bodde， Derk,卜德
Boden， Jeanne,包德貞
Bodman， Nicholas C.,包擬古
Bodolec， Caroline,羅琳
Boittout， Joachim,白錦麟
Børdahl， Vibeke,易德波
Bornemann， Fritz,鮑乃曼
Boka， Janos,白正諾
Bokenkamp， Stephen R.,柏夷
Bol， Peter K.,包弼德
Boltz， Judith Magee,鮑菊隱
Boltz， William G.,鮑則嶽
Bonk， James,博哲銘
Bonnin， Michel,潘鳴嘯
Boodberg， Peter A.,卜弼德
Boorman， Howard Lyon,包華德
Borao Mateo， José Eugenio,鮑曉鷗
Borchers， Jonas,喬宇軒
Bordeleau， Eric,泊硯
Borchigud， Wurlig,烏爾麗歌
Bosco， Joseph,林舟
Bossen， Laurel,寶森
Bossler， Beverly,柏文莉
Bottéro， Françoise,蒲芳莎
Botti， Lucrezia,白璐璐
Boulin， Myriam,米蓮
Bourgerie， Dana,白傑理
Bozzato， Fabrizio,杜允士
Braester， Yomi,柏右銘
Brahm， Laurence,龍安志
Braig， Stefan,柏德方
Brancaccio， Pia,龐琵雅
Brandauer， Frederick W.,白保羅
Brandtstadter， Susanne,白素珊
Branner， David,林德威
Brashier， Kenneth E.,白瑞旭
Bräuer， Stephanie,包孝芬
Bray， Francesca,白馥蘭
Breuer， Rüdiger,柏睿晨
Brezzi， Alessandra,白艾麗
Bridgman， Elijah Coleman,裨治文
Britton， Roswell,白瑞華
Brødsgaard， Kjeld Erik,柏思德
Brokaw， Cynthia,包筠雅
Brook， Timothy,卜正民
Brose， Benjamin,本博澤
Brown， Jeremy,周傑榮
Brown， Melissa J.,鮑梅立
Brown， Miranda,董慕達
Brown， Ronald C.,包倫仁
Brown， Shana,宗小娜
Brown， William N.,潘維廉
Brownell， Susan,包蘇珊
Broy， Nikolas,百可思
Bruno， Cosima,米娜
Bruya， Brian,柏嘯虎
Bryant， Daniel,白潤德
Bryant， Lei Ouyang,歐陽小麗
Buchta， Katrin,薄琳
Buck， Daniel,卜允中
Buck， David D.,鮑德威
Budeanu， Andreea Ioana,柏安安
Bujard， Marianne,呂敏
Bulling， Anneliese,卜愛玲
Bunk， James,博哲銘
Buoye， Thomas,步德茂
Burger， Werner,布威納
Burgess， Meryl Joy,梅麗爾
Burnett， Katherine,陶幽庭
Burns， John Pond,卜約翰
Burov， Vladilen Gregorievich,布羅夫
Burton-Rose， Daniel,羅丹寧
Busch， Heinrich,卜恩禮
Bush， Richard,卜睿哲
Bushell， Stephen W.,布邵爾
Buslig， Szonja,宋妮雅
Bussotti， Michela,米蓋拉
Butterfield， Fox,包德甫
Buxbaum， David C.,包恆
Byrne， Christopher,白空山
,
C,
Cabestan， Jean-Pierre,高敬文
Caboara， Marco,柏恪義
Cadonna， Alfredo,卡鐸納
Cady， Lyman V.,夔德義
Cahill， James,高居翰
Cahill， Suzanne E.,柯素芝
Cai， Jiehua,蔡潔華
Cai， Liang,蔡亮
Cai， Zongqi,蔡宗齊
Caldwell， Perry Ernest， IV.,康佩理
Cambi-Rayer， Bernadette,何文怡
Campany， Robert Ford,康若柏
Campbell， Aurelia,金田
Campbell， Cameron,康文林
Campo， Daniela,田水晶
Cams， Mario,康言
Camus， Rina Marie,甘海寧
Camus， Yves,趙儀文
Canfil， Justin,柯義山
Cao， Jian,曹堅
Cao， Liqun,曹立群
Cao， Nanlai,曹南來
Cao， Qing,曹青
Cao， Xinyu,曹新宇
Cao， Yang,曹洋
Cappelletti， Alessandra,李麗莎
Carlitz， Katherine,柯麗德
Carlson， Allen,寇艾倫
Carnoguska， Marina,黑山
Caron， Emmanuel,高龍
Carroll， Peter J.,柯必德
Carruthers， Catherine,杜可歆
Carter， James,柯杰詣
Casalin， Federica,費琳
Castelazzi， Valentino,康華倫
Cedzich， Ursula-Angelika,蔡霧溪
Celli， Nicoletta,車霓珂
Ceresa， Marco,馬克
Černá， Zlata,烏金
Cha， Louis Leung Yeung,查良鏞
Chabaille， Fleur,王鈺花
Chaffee， John,賈志揚
Chaffin， Cortney E.,柴寧
Chai， Chin Fern Elena Gregoria,蔡靜芬
Chaisatit， Nuchnudee,陳玥
Chalfant， Frank Herring,方法斂
Chalmers， John,湛約翰
Chan， Alan K. L.,陳金樑
Chan， Albert,陳綸緒
Chan， Albert S.C.,陳新滋
Chan， Alfred L.,陳仲禮
Chan， Anita,陳佩華
Chan， Charles Wing-hoi,陳榮開
Chan， Cheris Shun-ching,陳純菁
Chan， Gerald,陳智宏
Chan， Hok-lam,陳學霖
Chan， Kin Shing,陳健成
Chan， Marjorie K. M.,陳潔雯
Chan， Pui Lun,陳沛倫
Chan， Sau Yan,陳守仁
Chan， Shirley,陳慧
Chan， Shun Hing,陳慎慶
Chan， Tim Wai-Keung,陳偉強
Chan， Wing-Cheuk,陳榮灼
Chan， Wing-tsit,陳榮捷
Chan， Ying-kit,陳英傑
Chan， Yuk-wah,陳玉華
Chandler， Stuart,錢思渡
Chandra， Yanto,蔡振榮
Chang， Bi-Yu,張必瑜
Chang， Cheng David,常成
Chang， Chia-Feng,張嘉鳳
Chang， Carsun /~ Chün-mai,張君勱
Chang， Che-chia,張哲嘉
Chang， Cheng David,常成
Chang， Chia-Feng,張嘉鳳
Chang， Chun-shu,張春樹
Chang， Chung Ho,張充和
Chang， Chung-i,張重一
Chang， Chung-li,張仲禮
Chang， Chung-Yuan,張鍾元
Chang， Eric C.C.,張嘉哲
Chang，Fu-jui,張復蕊
Chang， Garma Chen-chi,張澄基
Chang， Golden,章家敦
Chang， Hao,張灝
Chang， Hsin-pao,張馨保
Chang， Hsing-lang,張星烺
Chang， Hsun,張珣
Chang， Hui-Ching,張惠晶
Chang， Hung-nien,張洪年
Chang， Jui-shan,張瑞珊
Chang， Julian,張伯賡
Chang， Kang-i Sun,孫康宜
Chang， Kia-ngau,張嘉璈
Chang， Kuei-sheng,張桂生
Chang， Kwang-chih,張光直
Chang， Lung-chih,張隆志
Chang， Michael G.,張勉治
Chang， Parris H.,張旭成
Chang， Peng Chun,張彭春
Chang， Shelley Hsueh-lun,駱雪倫
Chang， Sheng-ching,張省卿
Chang， Shu Yuan Hsieh,張謝淑媛
Chang， Teh-kuang,張德光
Chang， Tsong-zung,張頌仁
Chang， Tung-lung Steven,張東隆
Chang， Yun Fah,張運華
Chao， Chia-ying Yeh,趙葉嘉瑩
Chao， Emily,趙省華
Chao， Glenda Ellen,趙家華
Chao， Kang,趙康
Chao， Kuo-chun,趙國鈞
Chao， Paul K. I.,趙光義
Chao， Rulan / Rulan Chao Pian,趙如蘭
Chao， Shin-yi,趙昕毅
Chao， Wei-pang,趙衛邦
Chao， Yuan-ling,趙元玲
Chao， Yuen Ren,趙元任
Chappell， Hilary,曹茜蕾
Chappell， Jonathan,金山森
Chapuis， Roger,郁白
Charbonnier， Jean Pierre,沙百里
Charleux， Isabelle,沙怡然
Chattaraj， Saheli,沙海麗
Chau， Adam Yuet,周越
Chau， Edward,周景勳
Chaussende， Damien,喬森德
Chavannes， Edouard,沙畹
Chaves， Jonathan,齊皎瀚
Che， Philippe,車益國
Cheang， Alice,鄭文君
Cheek， Timothy,齊慕實
Chemla， Karine,林力娜
Chen， Alexandre Tsung-ming,陳聰銘
Chen， Calvin,陳鵬
Chen， Charles K. H.,陳澄之 / 陳廣湘
Chen， Chi-yun,陳啟雲
Ch’en， Chieh-hsien,陳捷先
Chen， Chih-En,陳之恩
Chen， Chih-jou Jay,陳志柔
Chen， Chung-an,陳重安
Chen， David Y.,陳穎
Chen， Dean,陳鼎
Chen， Don-yun,陳敦源
Chen， Fan Pen Li,李凡平
Chen， Fong-ching,陳方正
Chen， Frederick Shih-Chung,陳世崇
Chen， Fu-yen,陳富彥
Ch’en， H.-S.,陳鴻舜
Chen， Hsi-yuan,陳熙遠
Ch’en， Hsiang-ch’un,陳祥春
Chen， Hsiu-fen,陳秀芬
Chen， Hsuan-Chih,陳烜之
Chen， Huaiyu,陳懷宇
Chen， Jack W.,陳威
Ch'en， Jerome,陳志讓
Chen， Jian,陳兼
Chen， Jian,陳健
Chen， Jianhua,陳建華
Chen， Jidong,陳繼東
Chen， Jie,陳傑
Chen， Jing,陳婧
Chen， Jinhua,陳金華
Chen， Jo-shui,陳弱水
Chen， Joseph Tao,陳真道
Chen， Juan,陳涓
Chen， Jue,陳玨
Chen， Kaijun,陳愷俊
Chen， Kenneth K. S.,陳觀勝
Chen， King C.,陳慶
Chen， Kuang-Hui,陳光輝
Chen， Li-fen,陳麗芬
Chen， Matthew Y.,陳淵泉
Chen， Ming-Jer,陳明哲
Chen， Na,陳納
Chen， Nai-ruenn,陳迺潤
Chen， Ning,陳寧
Chen， Patricia,陳嘉敏
Chen， Ping,陳平
Chen， Pochan,陳伯楨
Chen， Rou-Lan,陳若蘭
Chen， Ruey-shan Sandy,陳瑞山
Chen， Shih-Chuan,程石泉
Chen， Shih-hsiang,陳世驤
Chen， Shih-Hui,陳士惠
Chen， Shih-pei,陳詩沛
Chen， Shou Yi,陳綬頤
Chen， Shu-fen,陳淑芬
Chen， Shu-Heng,陳樹衡
Chen， Su,陳肅
Chen， Theodore H. E.,陳錫恩
Ch’en， Ting-min,陳定民
Ch’en， Tsung-hsiang,陳宗祥
Chen， William Ching-Chi,陳靖奇
Chen， Xi,陳晰
Chen， Xiaomei,陳小眉
Chen， Yen-Hui,陳延輝
Chen， Yiu Por (Vincent),陳耀波
Chen， Yong,陳勇
Chen， Yu-Hui,陳幼慧
Ch’en， Yüan,陳垣
Chen， Zhi,陳致
Cheng， Anne,程艾藍
Cheng， Chin-chuan,鄭錦全
Cheng， Chu-yuan,鄭竹園
Cheng， Chung-ying,成中英
Cheng， Dean,成斌
Cheng， Dennis C.H.,鄭吉雄
Cheng， François,程抱一
Cheng， Hong,程洪
Cheng， Hsiao-wen,程曉文
Cheng， James K.,鄭炯文
Cheng， Jason,程文浩
Cheng， Jim,程健
Cheng， John,鄭維亮
Cheng， Kai-Yuan,鄭凱元
Cheng， Lisa,鄭乃姍
Cheng， Pei-kai,鄭培凱
Cheng， Peter P. C.,陳炳杞
Cheng， Siu-kei,鄭肇祺
Cheng， Tao,鄭濤
Cheng， Te-k’un,鄭德坤
Cheng， Tiejun,程鐵軍
Cheng， Weikun,鄭惟君
Cheng， Wen Yin,程文尹
Cheng， William,鄭義為
Cheng， Yen-wen,鄭硯文
Cheng， Yu-yin,程玉茵
Chenivesse， Sandrine,桑德琳
Chennault， Cynthia L.,陳美麗
Cheu， Hock Tong,周褔堂
Cheung， Chan-fai,張燦輝
Cheung， Desmond,張海浩
Cheung， Joys H. Y.,張海欣
Cheung， Neky,張德貞
Cheung， Ping-Cheung,張炳祥
Cheung， Sidney C. H.,張展鴻
Cheung， Siu-woo,張兆和
Cheung， Suk-Hong,張淑香
Cheung， Tai Ming,張大銘
Chevaleyre， Claude,施振高
Chew， Daniel,周丹尼
Chi， Eunju,池恩周
Chi， Robert,紀一新
Chi， Wan-hsian,齊婉先
Chi， Wei-hsian,齊偉先
Chi， Wen-shun,紀文勛
Chi， Zhen,池楨
Chia， Caroline,謝汶亨
Chia， Lucille,賈晉珠
Chia， Jack Meng-Tat,謝明達
Chia， Ning,賈寧
Chia， Yeow Tong,謝耀東
Ch’ian， I-hung,強一宏
Chiang， Chih-yun,江芷澐
Chiang， Gonca Ünal,宮札
Chiang， Sing-chen Lydia,蔣興珍
Chiang， Wen-yu,江文瑜
Chiang， Yung-chen,江勇振
Chiao， Peggy,焦雄屏
Chiasson， Blaine,柴國松
Chien， Cecilia Lee-fang,錢立方
Chien， Edward T.,錢新祖
Chikusa， Masaaki,竺沙雅章
Childs-Johnson， Elizabeth,江伊莉
Chin， Aili S.,沈愛麗
Chin， Annping,金安平
Chin， Carol C.,陳銓樂
Chin， Hsuen Wei,陳雪薇
Chin， James K.,錢江
Chin， Robert,陳有立
Chin， Tamara,秦大倫
Chin， Yee Wah,甄義華
Ching， Julia,秦家懿
Chiou， Fang-yi,邱訪義
Chiou-Peng， Tzehuey,邱茲惠
Chipman， Elana,秦琳珍
Chipman， John,齊普曼
Chirkova， Ekaterina Yurievna,齊卡佳
Chittick， Andrew,戚安道
Chiu， Cathy,邱冬銀
Chiu， Haiyuan,瞿海源
Chiu， Hungdah,邱宏達
Chiu， Julie,趙茱莉
Chiu， Ling-yeong,趙令揚
Chiu， Jenping,邱任丙
Chiu， Sin Ming,趙善鳴
Chiu， Tzu-hsiu Beryl,邱子修
Chiu， Tzu-Lung,邱子倫
Chiu-Duke， Josephine,丘慧芬
Chiung， Wi-vun Taiffalo,蔣為文
Cho， Sungwu,趙晟佑
Choi， Dae Seok,崔大錫
Chong， Foon Yee,張鳳如
Chong， Ja Ian,莊嘉穎
Chong， Keng How,張敬豪
Chong， Kim-chong,莊錦章
Chong， Shue Ling,張雪琳
Choo， Jessey J.C.,朱雋琪
Choong， Yoke Meei,宗玉媺
Chou， Chih-p’ing,周質平
Chou， Diana Yeongchau,周永昭
Chou， Eva Shan,周杉
Chou，Hsun-hsin,周舜莘
Chou， Ju-hsi,周汝式
Chou， Katherine Hui-Ling,周慧玲
Chou，Ping,周平
Chou， Whei-ming,周惠民
Chou， Shun-hsin,周舜莘
Chou， Stephen S.,周善策
Chow， Eileen Cheng-yin,周成蔭
Chow， Kai-wing,周啟榮
Chow， Rey,周蕾
Chow， Sheryl Man-ying,周敏盈
Chow， Tse-tsung,周策縱
Christensen， Lars Bo,李博賢
Christensen， Thomas,柯慶生
Christian， Matthias,田默迪
Christiana， Elisa,李秀珍
Chu， Chauncey,屈承熹
Chu， Cindy Yik-yi,朱益宜
Chu， Hung-lam,朱鴻林
Chu， Kun-liang,邱坤良
Chu， Manni,朱曼妮
Chu， Ming-kin,朱銘堅
Chu， Ping-yi,祝平一
Chu， Ron-guey,朱榮貴
Chu， Shiuon,徐兆安
Chu， Tung-tsu,瞿同祖
Chu， Wen-djang,朱文長
Chuang， John B.,莊慶信
Chun， Hong Chul,全弘哲
Chun， Tarryn Li-Min,陳琍敏
Chung， Chi-nien,鍾基年
Chung， Chien-peng,鍾健平
Chung， Eva Yuen-wah,鍾元華
Chung， Paul S.,鍾竹林
Chung， Priscilla,秦家德
Church， Sally,程思麗
Cieciura， Włodzimierz,齊惟慎
Clark， Anthony E.,柯學斌
Clark， Hugh R.,柯胡
Clark， Keith,孔斯宸
Clarke， Donald C.,郭丹青
Clarke， Jeremy,柯傑明
Clart， Philip,柯若樸
Cleaves， Francis W.,柯立夫
Clifford， Timothy,柯靖銘
Clinton， Margaret,柯立梅
Clunas， Craig,柯律格
Coblin， W. South ,柯蔚南
Cochran， Sherman,高家龍
Cochrane， John D.,柯楚蘭
Cockel， Nian-tzu Cheng,程念慈
Cohen， David,高德
Cohen， Jerome Alan,孔傑榮  / 柯恩
Cohen， Paul,柯文
Cohen， Paul Andrew,孔寶榮
Cohen， Warren I.,孔華潤
Collani， Claudia von,柯蘭霓
Combs， Matthew T.,李皓天
Conceison， Claire A.,康開麗
Cone， Tiffany,媞福
Conner， Allison,康雅信
Conrady， August,孔好古
Constable， Nicole,郭思嘉
Constant， Frédéric,梅凌寒
Contag， Victoria,孔達
Cook， Constance A.,柯鶴立
Cook， Francis H. ,曲克
Cook， Scott,顧史考
Cooper， Eugene,顧尤勤
Copp， Paul,柏剛
Copper， John F.,康培莊
Corcuff， Stéphane,高格孚
Cordier， Henri,高第
Corsi， Elisabetta,伊麗
Couling， Samuel,庫壽齡
Courmont， Barthélémy,庫赫蒙
Coutinho， Steve,孔思腾，康思藤
Couvreur， Séraphin,顧賽芬
Cranford， John M.,顧洛阜
Creel， Herrlee G.,顧立雅
Crespi， John A.,江克平
Cressey， George B.,葛德石
Criscuolo， Catello,卡特羅
Criveller， Gianni,柯毅霖
Crossley， Pamela Kyle,柯嬌燕
Crowe， Paul,高保羅
Crowell， William G.,孔為廉
Crump， James I. Jr,柯潤璞  / 柯迂儒
Crush， Peter,柯睿思
Csikszentmihalyi， Mark,齊思敏
Cua， Antonio S.,柯雄文
Cuadrado， Clara Y.,于漪
Cui， Jie,崔捷
Cui， Zhiyuan,崔之元
Culp， Robert,高哲一
Currier， Carrie Liu,劉凱莉
Cutter， Robert J.,高德耀
,
D,
Dabringhaus， Sabine,達素彬
Dahn， Alvin,陳建龍
Dai， Shih-chan,戴士展
Dai， Weiqun,戴為群
Damerow， Peter,戴培德
Damm， Jens,達嚴思
Daniels， Christian,唐立
Dardess， John W.,達第斯
D’Arelli， Francesco,達仁理
D’Argenio， Linda,蓮達
Darrobers， Roger,戴鶴白
Darshani， Avi,達熠銘
Daruvala， Susan,蘇文瑜
Daurov， Ramazan,達洛夫
Dautcher， Jay,丁兆然
David， Hong,劉虹
Davis， Deborah,戴慧斯
Davis， Edward,戴安德
Davis， Richard,戴仁柱
Davis， Scott,戴思客
Dawley， Evan Nicholas,戴維理
De Bary， William Theodore,狄百瑞、狄培理
De Bruyn， Pierre-Henry,德保仁
De Crespigny， Rafe,張磊夫
De Jong， Alice,雍莉
De Lacouperie， Albert Étienne Jean-Baptiste Terrien,拉克伯里
De Meyer， Jan,麥約翰
De Pee， Christian,裴志昂
De Rachewiltz， Igor,羅依果
De Reu， Wim,魏家豪
De Troia， Paolo,保羅
De Weerdt， Hilde,魏希德
Dean， Kenneth,丁荷生
DeBernardi， Jean,白瑨
Debevoise， Jane,杜柏貞
Debon， Günther,德博
Dedman， Adam Kyle,戴雍浩
Deeg， Max,寧梵夫
Deeney， John J.,李達三
Deepak， B. R.,狄伯杰
Defoort， Carine,戴卡琳
DeFrancis， John,德范克
Dehergne， Joseph,榮振華
Deklerck， Stijn,涂建平
Delamarre， Louis Charles,艾嘉略
D’Elia， Paschal M.,德禮賢
Delisle， Jacques,戴傑
Dell’Orto， Alessandro,戴德中
Delmestro， Manuél E.,歐陽永樂
Dematte， Monica,莫妮卡
Demiéville， Paul,戴密微
Demuth， Sebastian,鄧愛森
Denecke， Wiebke,魏樸和
Deng， Kent G.,鄧鋼
Deng， Yong,鄧勇
Dennerline， Jerry,鄧爾麟
Dennis， Joe,戴思哲
Denton， Kirk Alexander,鄧騰克
Deppman， Hsiu-Chuang,蔡秀粧
Des Forges， Alexander,戴沙迪
Desirat， Michel,鄧士涵
Des Rotours， Robert,戴何都
Despeux， Catherine,戴思博
Dessein， Bart,巴得勝
Détrie， Muriel,戴慕容
DeVido， Elise A.,戴愛蓮
Dew， James E.,杜爾文
DeWoskin， Kenneth,杜志豪
Diamond， Norma,戴瑪瑙
Diamant， Neil,戴茂功
Dibeltulo， Martino,馬蒂
Di Biase， Imma,狄雅斯
Dickey， Lauren,王洛伶
Di Cosmo， Nicola,狄宇宙
Diefenbach， Thilo,蔣永學
Dien， Albert E.,丁愛博
Diény， Jean-Pierre,桀溺
Diez de Velasco， Francisco,狄十鴉
Dikarev， Andrey,吉安德
Dikötter， Frank,馮客
Dilley， Whitney Crothers,柯瑋妮
Dimberg， Ronald,丁博
Ding， Naifei,丁乃非
Ding， Sheng,丁勝
Ding， Xueliang,丁學良
Ditmanson， Peter,戴彼得
Dittmer， Lowell,羅德明
Djang， Chu,章楚
Dluhošová， Táňa,路丹妮
Dobson， W.A.C.H.,杜百勝
Doell， Steffen,道諦芬
Doeringer， Franklin M.,竇瑞格
Dolby， William,杜為廉
Doleželová-Velingerová， Milena,米列娜
Dolinski， Michel,杜思齊
Domes， Jürgen,杜勉
Dong， Madeleine Yue,董玥
Dong， Xiaoyuan,董曉媛
Donnithorne， Audrey G.,董育德
Doré， Henri,祿是遒
Dott， Brian,達白安
Doyle， Alan,歐義明
Drake， F. S.,林仰山
Drège， Jean-Pierre,戴仁
Drettas， Dimitri,賀旦思
Dreyer， June Teufel,金德芳
Dschi， Hiän-lin,季羨林
Du， Nancy,杜南馨
Du， Shanshan,杜珊珊
Du， Wenwei,都文偉
Du Halde， Jean-Baptiste,杜赫德
Duanmu， San,端木三
Duara， Prasenjit,杜贊奇
Dube， Clayton,杜克雷
DuBois， Thomas David,杜博思
Dubs， Homer H.,德效騫
Dudbridge， Glen,杜德橋
Dudink， Ad,杜鼎克
Dumoulin， Heinrich,杜默林、杜梅林
Dunajevs， Georgijs,葛思語
Dunch， Ryan,唐日安
Dunnell， Ruth W.,鄧如萍
Dunstan， Helen,鄧海倫
Durand， Pierre-Henri,戴廷傑
Durand-Dastès， Vincent,戴文琛
Durrant， Stephen W.,杜潤德
Dutournier， Guillaume,杜傑庸
Dutrait， Noël,杜特萊
Duyvendak， J.J.L.,戴聞達
Dvorak， Rudolf,沃夏克
Dykstra， Maura,戴史翠
,
E,
Eastman， Lloyd E. O.,易勞逸
Eben von Racknitz， Ines,艾伊娜
Eber， Irene,伊愛蓮
Eberhard， Wolfram,艾伯華
Eberhardt， Christopher,汪哲魏
Eberspächer， Cord,培高德
Ebrey， Patricia B.,伊佩霞
Ecke， Gustav,艾克
Eckstein，Alexander,艾伯華
Economy， Elizabeth,伊明
Eder， Matthias,葉德禮
Edgren， Sören,艾思仁
Edin，Maria,金山愛
Edkins， Joseph,艾約瑟
Edmonds， Richard Louis,安瑞志
Edwards，Louise P.,李木蘭
Edwards，R. Randle,艾德華  / 愛德華  / 愛德華茲
Edwards， Richard,艾瑞慈
Efird，Robert,易若鵬
Egan，Charles,易徹理
Egan， Ronald,艾朗諾
Egan，Susan Chan,陳毓賢
Egerod， Søren,易家樂
Egerton， Clement,埃傑頓
Eggleston， Karen,翁笙和
Ehrich， Richard,李查得
Eichman， Jennifer,艾靜文
Eifring， Halvor,艾皓德
Eihmanis， Kaspar,艾恪
Eisenberg，Andrew,艾安迪
Eisenman， Joshua,馬佳士
Eitel， Ernst Johann,歐德理
El Abed， Shuang Xu,徐爽
Elegant， Robert,艾力耕
Elia， Gina,艾真
Elliott， John B.,艾略特  / 艾理略
Elliott， Mark C.,歐立德
Ellsworth， Robert H.,安思遠
Elman， Benjamin,艾爾曼
Elstein， David,杜楷廷
Elvin， Mark,伊懋可
Emmerich， Reinhard,艾默力
Eno， Robert,伊若泊
Entenmann， Robert,鄢華陽
Entwisle， Barbara,安微愫
Eom， Ik-sang,嚴翼相
Epstein， Maram,艾梅蘭
Erbaugh， Mary S.,艾玛丽
Erdberg Consten， Eleanor von,康時登
Erkes， Eduard,何可思
Ertan， Kıvılcım,潭珂君
Erwin，Kathleen,區嘉琳
Escande， Yolaine,幽蘭
Esherick， Joseph Wharton,周錫瑞
Eskildsen， Stephen,蘇德樸
Espesset， Grégoire,郭艾思
Esposito， Monica,莫尼卡
Estes， Anthony,嚴安堂
Étiemble， René,艾田蒲
Etzekorn， Eric,康煉
Evans， Harriet,艾華
,
F,
Faber， Ernst,花之安
Fairbank， John King,費正清
Fairbank， Wilma Canon,費慰梅
Falato， Giulia,寒梅
Falkenhausen， Lothar von,羅泰
Fällman， Fredrik,楊富雷
Fan， Fa-ti,范發迪
Fan， Ka-wai,范家偉
Fang， Achilles,方志彤
Fang， Chao-ying,房兆楹
Fang， Cheng-Hua,方震華
Fang， Jun,方駿
Fang， Ling,方玲
Fang， Kun,方堃
Fang， Weigui,方維規
Farmer， Edward L.,范德
Farmer， J. Michael,方博源
Farquhar， Judith,馮珠娣
Farrely， Paul,范寶文
Farrer，James,劉雅格
Farris， Michael,傅立山
Faure， Bernard,佛雷
Faure， David,科大衛
Faurot， Jeannette L.,傅靜宜
Fava， Patrice,范華
Fech， Andrej,費安德
Fei， Faye Chunfang,費春放
Fei， Hsiao-tung,費孝通
Fei， Siyen,費絲言
Feifel， Eugen,費佛樂 / 范佛 / 豐浮露
Feinerman，James V.,費能文
Felbur， Rafal,費若愚
Feldman， Harvey,費浩偉
Fell， Dafydd,羅達菲
Feng， Guozhong,馮國忠
Feng， Huiyun,馮惠雲
Feng， Shengli,馮勝利
Ferguson， Daniel Lee,傅謌森
Ferguson， Francesca,白卓詩
Ferguson， John C.,褔開森
Ferrand， Gabriel,費瑯
Ferrari， Rossella,費萊麗
Ferrero， Michele,麥克雷
Fetzer， Joel Steven,費約珥
Feuchtwang， Stephan,王斯褔
Feuerwerker， Albert,費維愷
Feuillas， Stéphane,費颺
Fewsmith， Joseph,傅士卓
Field， Andrew David,費嘉炯
Field， Stephen,田笠
Filipiak， Kai,費凱
Filipiak， Yu,周鈺
Filonov， Sergei,謝爾蓋
Findeisen， Raoul David,馮鐵
Finkelstein， David,馮德威
Finnane， Antonia,安東籬
Fischer， Doris,費多麗
Fischer， Paul,方破
Fischer-Schreiber， Ingrid,殷歌麗
Fisk， Craig William,費威廉
Fiskesjö， Magnus,馬思中
Fitzgerald， C. P.,費子智
Fitzgerald， Stephen,費思芬
Fitzgerald-Huber， Louisa G.,胡博
Fix， Douglas L.,費德廉
Flad， Rowan K.,傅羅文
Flanigan， Stephen M.,馮思明
Fleischauer， Stefan,史振帆
Fletcher，Joseph,傅禮初  / 弗雷澤
Fliss， Thomas,費陽
Flitsch， Mareile,傅瑪瑞
Flores， Veronica Noelia,傅維柔
Fock， Achim,傅安恆
Foley， Toshikazu S.,佛里堀口
Fölster， Max,馬勀思
Foltin， Salome,坲莎
Fong， Grace S.,方秀潔
Fong， Ian Ho-yin,方浩然
Fong， Wen C.,方聞
Fordham， Carl Gene,傅君愷
Formoso， Bernard,傅莫溯
Forster， Elisabeth,褔亦莉
Forte， Antonino,富安敦
Foster， Lawrence C.,付思德
Frangville， Vanessa,方文莎
Franke， Herbert,傅海波
Franke， Renata Fu-sheng,傅復生
Franke， Otto,傅蘭閣
Franke， Wolfgang,傅吾康
Fränkel， Hans Hermann,傅漢思
Fraser， Christopher,方克濤
Fraser， Davis,傅睿哲
Fraser， Sarah E.,胡素馨
Fravel， Taylor,傅泰林
Freeman， Bradley Carl,傅伯利
Freeman， Charles,傅瑞偉
Fried， Daniel,傅雲博
Friedrich， Michael,傅敏怡
Friedman， P. Kerim,傅可恩
Fröhlich， Thomas,費瑞實
Frühauf， Manfred,傅熳德
Fryer， John,傅蘭雅
Fu， Flora Li-Tsui,傅立萃
Fu， I-Ping,傅亦平
Fu， Liangyu,傅良瑜
Fu， Jia-chen,傅家倩
Fu， Ping,符平
Fu， Poshek,傅葆石
Fu， Qiang,傅強
Fu， Shen,傅申
Fu， Siyi,傅似逸
Fuchs， Walter,褔克司
Führer， Bernhard,傅熊
Fukui， Kōjun,福井康順
Fulda， Andreas,傅洛達
Fuller， Michael A.,傅君勱 / 傅君勵
Fumagalli， Pier Francesco,傅馬利
Funayama， Tōru,船山徹
Fung， Edmund,馮兆基
Fung， Yiu-ming,馮耀明
Fung， Yu-lan,馮友蘭
Furniss， Ingrid,傅音鴿
Furth，Charlotte,費俠莉
Fusek， L.M.,傅恩
Futrell， W. Chad,傅強
,
G,
Gabain， Annemarie von,葛瑪麗
Gabbiani， Luca,陸康
Gabelentz， Georg von der,賈柏蓮孜
Gaca， Maciej,梅西亞
Galambos， Imre,高奕睿
Galik， Jozef Marian,高利克
Galipeau， Brendan A.,高進榮
Gallagher， Mary,高敏
Gamzou， Raphael,甘若飛
Gänßbauer， Monika,甘默霓
Gao， Bai,高柏
Gao， James Z.,高崢
Gao， Minglu,高名潞
Gao， Qing,高青
Gao， Yunxiang,高雲翔
Garatti， Emanuela,愛梅
Garcia Gonzalez， Daniel,丹倪
Gardner， Daniel K.,賈德訥
Garnaut， Ross,郜若素
Garver， John,高龍江
Gassmann， Robert H.,高思曼
Gates， Hill,葛希芝
Gatev， Ivaylo,高意凱
Ge， Liangyan,葛良彥
Ged， Françoise,蘭德
Geiger， Heinrich,漢克杰
Geiss， James,蓋傑民
Geissmann， Thomas,葛思曼
Geldsetzer， Lutz,金直
Gen， Lewis,耿廷楨/耿亮
Geng， Zhanhe,耿占河
Gentz， Joachim,耿幽靜
Gentz， Natascha,費南山
Gernet， Jacques,謝和耐
Gerritsen，Anne,何安娜
Gerth， Karl,葛凱
Gesterkamp， Lennert,葛思康
Getz，Daniel A.,高澤民
Geurtsen， Jeroen,葛哲倫
Ghermani， Wafa,倪娃法
Gibbs，Donald A.,季博思
Gibert， L.,紀懷德
Giele， Enno,紀安諾
Giersch， C. Patterson,紀若誠
Giet， Franz,齊德芳
Gijsbers， Annick,安妮
Giles， Herbert Allen,翟理思
Gill， Bates,季北慈
Gillette， Maris B.,馬麗思
Gimello， Robert,詹美羅
Girardot， Norman,吉瑞德
Giuffrida， Noelle,焦娜薇
Gladney， Dru C.,杜磊
Glahn， Richard von,萬志英
Glaser， Bonnie,葛萊儀
Go， Yun Li,吳匀一
Göbel， Christian,顧克禮
Goepper， Roger,郭樂知
Goethals， Lin,谷琳
Goh， Chin Fei,吳進輝
Goh， Meow Hui,吳妙慧
Goh， Soo Khoon,吳素君
Golas， Peter J.,葛平德
Gold， Thomas B.,高棣民
Goldblatt，Howard,葛浩文
Goldfuß， Gabriele,郭嘉碧
Goldin， Paul R.,金鵬程
Goldman，Andrea,郭安瑞
Goldschmidt，Asaf,郭志松
Goldstein，Avery,金駿遠
Goldstein， Steven M.,戈迪溫
Golovachev， Valentin,劉宇衛
Gómez，Luis O.,葛美茲
Gong， Ting,公婷
Gong， Xuezeng,龔學增
Gonzalez Castano， Hector,高長空
Gonzalez-Forster， Gil,李慕道
Goodman， Amanda,葛玫
Goodman， Bryna,顧德曼
Goodman， Howard L.,顧浩華
Goodrich， Luther C.,傅路德
Goossaert， Vincent,高萬桑
Göpfert， Lucas,盧凱
Gordon， Leonard H.D.,高理寧
Górnikiewicz， Marcin,馬若青
Gorodetskaya， Olga,郭靜云
Gosset， David,高大偉
Gourhan， David,是大衛
Grace， Helen,葛海崙
Graff，David,葛德威
Graffin，Dennis,葛滌風
Graham， Angus C.,葛瑞漢
Graham， David C.,葛維漢
Graham， Fabian,古毅飛
Granet， Marcel,葛蘭言
Granberg， Håkan,簡浩恩
Grano， Simona,高喜明
Granoff， Phyllis,葛然諾
Gransow， Bettina,柯蘭君
Grant， Beata,管佩達
Graziani， Romain,葛浩南
Green， Frederik H.,葛浩德
Grebnov， Yegor,葛覺智
Gregory， Scott,葛思平
Gries， Peter Hays,葛小偉
Grigoriev， Stanislav,葛仕達
Grimberg， Phillip,公冶翡
Grimm， Tilemann,葛林／林懋
Groot， J.J.M. de,高延
Grootaers， Willem A.,賀登崧
Groppe， Alison,古艾玲
Grove， Linda,顧琳
Grube， Wilhelm,格魯伯
Grundmann， Joern Peter,顧永光
Gryszkiewicz， Anna,安娜
Grzybek， Joanna,陳秋松
Gu， Chien-juh,辜千祝
Gu， Manli,顧曼莉
Gu， Ming Dong,顧明棟
Gu， Yang,顧陽
Guan， Wenwei,關文偉
Guedes， Jade d’Alpoim,玳玉
Guggenmos， Esther-Maria,谷乃曦
Guisso， R. W. L.,桂雨時
Guldin， Gregory E.,顧定國
Gulik， Robert Hans van,高羅佩
Gunn， Edward Mansfield,耿德華
Guo， Qitao,郭琦濤
Guo， Qiyong,郭齊勇
Guo， Weiting,郭威廷
Gustavsson， Rickard,李文昊
Guthrie， Doug,顧道格
Guy， Nancy,蓋南希
Guy， R. Kent,蓋博堅
Gwen， Bennett,關玉琳
Gyss， Caroline,賈珞琳
,
H,
Haar， Barend J. ter,田海
Hadley-Ives， Eric Joseph,艾瑞克
Haenisch， Erich,海尼士
Hafner， Arnd Helmut,陶安
Haft， Lloyd,漢樂逸
Hall， David,郝大為
Haloun， Gustav,霍古達
Halperin， Mark,何復平
Hahm， Jooyen,咸朱妍
Hamar， Imre,郝清新
Hambis， Louis,韓百詩
Hambleton， Luke,韓炅
Hamilton， Gary,韓格理
Hamilton， Robyn,羅彬
Hamlish， Tamara,韓苔美
Hammer， Ben,孟巍隆
Hammerstrom， Erik,韓光
Hammond， James Casey,漢明德
Hammond， Kelly Anne,韓麗
Hammond， Kenneth J.,韓慕肯
Han， Li,韓莉
Han， Sherman,韓小敏
Han， Xiaorong,韓孝榮
Hanan， Patrick,韓南
Hand， Keith J.,韓凱思
Handel， Zev,韓哲夫
Handler-Spitz， Rebecca,韓若愚
Handlin， Joanna (Handlin， Joanna Smith),韓德玲 / 韓德琳
Hang， Xing,杭行
Hannum， Emily,韓怡梅
Hansen， Chad,陳漢生
Hansen， Mette Halskov,賀美德
Hansen， Valerie,韓森
Hansford， S. Howard,韓斯福
Hanson， Marta,韓嵩
Hao， Yufan,郝雨凡
Harbsmeier， Christoph,何莫邪
Hardie， Alison,夏麗森
Harding， Harry,何漢理
Hardy， Grant,侯格睿
Hargett， James M.,何瞻
Harkness， Ethan,郝益森
Harman， Nicky,韓斌
Harper， Donald,夏德安
Harrell， Stevan,郝瑞
Harris， Eirik Lang,赫令喆
Harris， Kristine,賀瑞清
Harris， Rachel,何翠喬
Harrison， Henrietta,沈艾娣
Harrison， Mark,韓馬克
Hart， Roger,羅傑
Hart， Tom,郝德馨
Hartford， Kathleen,賀康玲
Hartman， Charles,蔡涵墨
Hartwell， Robert M.,郝若貝
Hartzell， Richard W.,何瑞元
Hasegawa， Tsuyoshi,長穀川毅
Haseltine， Patricia,海柏
Hashmi， Sana,莎娜
Hasija， Namrata,夏海娜
Hatfield， Donald John Williard,施永德
Hauf， Kandice,郝康笛
Hawes， Colin S. C.,柯霖
Hawks， Shelley Drake,何雪麗
Hay， John,韓莊
Hay， Jonathan,喬迅
Hayes， James,許舒
Hayford， Charles W.,何復德
He， Baozhang,何寶璋
He， Jianye,何劍葉
He， Lerong,何樂融
He， Mingyu,何眀玉
He， Yuhuai,何與懷
He， Yuming,何予明
Heberer， Thomas,王海
Hegel， Robert E.,何谷理
Heijdra， Martin,何義壯
Hein， Evelina,海麗娜
Heinrich， Larissa,韓依薇／韓瑞
Heissig， Walter,海西希
Heijdra， Martin,何義壯
Heirman， Ann,安海曼
Heller， Natasha,賀耐嫻
Hen， Kai Wah,禤祈華
Henderson， Gail E.,韓德森
Henderson， Mark,韓忠可
Hendrischke， Barbara,芭芭拉
Hendrischke， Hans,杭智科
Heng， C.K.,王才強
Henley， Lonnie,韓力
Henne， Henry,翰漢樂
Henricks， Robert G.,韓祿伯
Henriot， Christian,安克強
Henripin， Olivier,何歐里
Herbert， P. A.,何漢心
Herman， John,何漢德
Hermann， Marc,馬海默
Hermann-Pillath， Carsten,何夢筆
Hermanova， Jana,何晶
Herrmann， Albert,赫爾曼
Herrou， Adeline,謝道琳
Hershatter， Gail B.,賀蕭
Hertz， Ellen,何愛蓮
Hertzer， Dominique,何明莉
Hervouet， Yves,吳德明
Heryford， Michele Ferrier,范美蓮
Hess， Steve,何風
Hessler， Peter,何偉
Heubel， Fabian,何乏筆
Heurtebise， Jean-Yves,何重誼
Heuser， Robert,豪塞爾
Hevia， James,何偉亞
Hew， Wai Weng,丘偉榮
Heydarian， Richard,海理查
Heylen， Ann,賀安娟
Hibiki， Akira,日引聰
Higgins， Roland L.,羅蘭／夏樂南
Hightower， James,海陶瑋
Hill， Michael Gibbs,韓嵩文
Hillenbrand， Margaret,何依霖
Hino， Kaisaburō,日野開三郎
Hinriches， T.J.,艾媞捷
Hinsch， Bret,韓獻博
Hinton， William,韓丁
Hipwell， William T.,衛子豪
Hirth， Friedrich,夏德
Ho， Brent,何浩洋
Ho， Hing-cheong,何慶昌
Ho， Hsun-yee,何洵怡
Ho， Karl,何嘉耀
Ho， Kayi,何嘉誼
Ho， Kelvin Yu-hin,何宇軒
Ho， Peng Yoke,何丙郁
Ho， Ping-ti,何炳棣
Ho， Sok Fong,賀淑芳
Ho， Vincent Wai-Kit,何偉傑
Ho， Virgil Kit-yiu,何傑堯
Ho， Wai Kam,何惠鑑
Höckelmann， Michael,何彌夏
Hockx， Michel,賀麥曉
Hoeppli， R.,何博禮
Hoffmann， Alfred,霍福民
Hofmann， Martin,賀馬丁
Hogarth， Courtney A.,山孩子
Hogan， Maurice,何近民
Hogg， Nicholas,何尼克
Holcombe， Charles,何肯
Holl， Augustin F. C.,霍爾
Höllmann， Thomas O.,賀東勵
Holm， David,賀大衛
Holzman， Donald,侯思孟
Homola， Stéphanie,賀樊怡
Hon， Tze-ki,韓子奇
Honey， David B.,韓大偉
Hong， Chin-fu,洪金富
Hong， Daisy,洪黛西
Hong， Jeehee,洪知希
Hong， Ji Yeon,洪知延
Hong， Yue,洪越
Hong， Zhaohui,洪朝暉
Honig， Emily,韓起瀾
Hood， Johanna,周安娜
Hoosain， Rumjahn,李永賢
Hope-Johnstone， J.,何不東
Hoppál， Krisztina Kinga,可茉
Hornfeck， Susanne,洪素珊
Horng， Menghsin Cindy,洪孟莘
Horng， Wann-Sheng,洪萬生
Hornig， Eike-Christian,何恪群
Hosne， Ana Carolina,侯安娜
Hoster， Barbara,巴佩蘭
Hou， Chi-ming,侯繼明
Hou， Ching-lang,侯錦郎
Hou， Hanru,侯翰如
Hou， Jeffrey,侯志仁
Houn， Franklin Wu,侯服五
Howard， Angela,何恩之
Howitt， Arnold M.,安諾德
Howson， Nicholas C.,郝山
Hrdlička， Zdeněk,何德理
Hrdličkova， Věna,何德佳
Hsia， Adrian,夏瑞春
Hsia， Chih-tsing,夏志清
Hsia， R. Po-chia,夏伯嘉
Hsia， Tao-tai,夏道泰
Hsia， Tsi-an,夏濟安
Hsiao， Chi-ching,蕭啟慶
Hsiao， Gene T.,肖淨
Hsiao， Hsin-huang Michael,蕭新煌
Hsiao， Kung-ch’üan,蕭公權
Hsiao， Li-Hua,蕭麗華
Hsiao， Li-ling,蕭麗玲
Hsiao， Tso-liang,蕭作梁
Hsiau， A-chin,蕭阿勤
Hsieh， Andrew,謝正光
Hsieh， Chang-tai,謝長泰
Hsieh， Daniel,謝立義
Hsieh， Hsiao-mei,謝筱玫
Hsieh， John Fuh-sheng,謝復生
Hsieh， Mei-yu,謝美裕
Hsieh， Shuwei,謝世維
Hsing， You-tien,邢幼田
Hsiung， Anne,熊安妮
Hsiung， Hsien-kuan Ann-Marie,熊賢關
Hsiung， James Chieh,熊玠
Hsiung， Yuwen,熊玉雯
Hsu， Cho-yun,許倬雲
Hsu， Francis L.K.,許烺光
Hsu， Hui-chin,許惠瑾
Hsu， Immanuel Chung-yueh,徐中約
Hsu， Jennifer,徐元敬
Hsu， Jia-Ling,胥嘉陵
Hsu， Kai-Yu,許芥昱
Hsu， King-yi Eugene,徐景頤
Hsu， Pi-ching,徐碧卿
Hsueh， Chun-tu,薛君度
Hsueh Romano， Roselyn,薛媖月
Hu， Anthony,胡寶柱
Hu， Bangbo,胡邦波
Hu， Baozhu,胡寶柱
Hu， Chunchun,胡春春
Hu， John Y. H.,胡耀恆
Hu， Ming-hui,胡明輝
Hu， Qiuhua,胡秋華
Hu， Qiulei,胡秋蕾
Hu， Robert,胡海濱
Hu， Tai-li,胡台麗
Hu， Xiaobai,胡簫白
Hu， Xuehua Sherwood,胡雪樺
Hu， Ying,胡纓
Hu， Yongguang,胡永光
Hu-Sterk， Florence,胡若詩
Hu-von Hinüber， Haiyan,胡海燕
Hua， Wei,華瑋
Huang， Alexander C.Y.,黃承元
Huang， Amy,黃書梅
Huang， Chi-chiang,黃啟江
Huang， Chiung-Chiu,黃瓊萩
Huang， Chun-chieh,黃俊傑
Huang， C. Julia,黃倩玉
Huang， C.T. James,黃正德
Huang， Fei,黃菲
Huang， Kuan-Min,黃冠閔
Huang， Jing,黃靖
Huang， Lanying,黃蘭媖
Huang， Martin,黃衛總
Huang， Paulos,黃保羅
Huang， Philip Chung-chih,黃宗智
Huang， Ping,黃平
Huang， Ray,黃仁宇
Huang， Shih-Shan Susan,黃士珊
Huang， Shiun-wey,黃宣衛
Huang， Shizhe,黃師哲
Huang， Shu-min,黃樹民
Huang， Siu-chi,黃秀璣
Huang， Sonja Meiting,黃渼婷
Huang， Wei-shan,黃維珊
Huang， Wun-yun,黃文彥
Huang， Xuelei,黃雪蕾
Huang， Yan,黃衍
Huang， Yang,黃洋
Huang， Yasheng,黃亞生
Huang， Yi-Hsun,黃繹勳
Huang， Yong,黃勇
Hubert， Ira,胡安華
Hucker， Charles O.,霍克
Hudeček， Jiří,胡吉瑞
Huetwell， Frederick G. L.,謝宇
Hughes， April D.,尤春桃
Hui， Calvin,許嘉文
Bhikshu， Huimin,釋惠敏
Hulsewé， A. F. P.,何四維
Hummel，Arthur W.,恆慕義
Hundhausen， Vincenz,洪濤生
Hung， Chang-tai,洪長泰
Hung， Chi-Hsiou,洪啟修
Hung， Eva,孔慧怡
Hung， Fred Chia-chun,洪家駿
Hung， Ming-shui,洪銘水
Hung， Tzu-hui Celina,洪子惠
Hung， William,洪業
Hunter， Michael Justin,胡明曉
Huntington， Rania,韓瑞亞
Hurvitz， Leon,郝理庵
Hüsemann， J. Henning,徐約和
Huters， Theodore,胡志德
Hutton， Eric L.,何艾克
Hwang， Byong-Moo,黃秉沫
Hwang， Mei-shu,黃美序
Hwang， Yih-Jye,黃義杰
Hymes， Robert P.,韓明士
,
I,
Idema， Wilt,伊維德
Ikeda， On,池田溫
Ikels， Charlotte,艾秀慈
Imura， Tetsuo,井村哲郎
Inada， Kenneth K.,稻田龜男
Indrisano， Gregory,尹貴格
Inglis， Alister,英格斯
Inoue， Masaya,井上正也
Inwood， Heather,殷海潔
Ip， Hung-Yok,葉紅玉
Ippoliti， Andrew,安泊遠
Irick， Robert Lee,艾文博
Irons， Edward,艾恩思
Isett， Christopher M.,艾仁民
Ishikawa， Tadashi,石川匡
Israel， John Warren,易杜強
Istenič， Saša,薩學東
Itō， Kin’ichirō,伊藤謹一郎
Ito， Tsuyoshi,伊藤剛
Ivanhoe， Philip J.,艾文賀
,
J,
Jablonski， Witold,夏白龍
Jackson， Paul Allen,姜寶龍
Jacobs， J. Bruce,家博
Jäger， Fritz,顏復禮
Jäger， Henrik,葉格正
Jagou， Fabienne,谷嵐
Jain， Susan P.,簡蘇珊
Jakimów， Małgorzata,齊歌沙
Jakóbowski， Jakub,葉谷
Jami， Catherine,詹嘉玲
Jamil， Nur Shahadah,沙哈娜
Jan， Yün-Hua,冉雲華
Jann， Adelhelm,楊阿德
Janousch， Andreas,楊德
Jansen， Thomas,楊森
Jao， Tsung-I,饒宗頤
Jasper， David,賈思柏
Jay， Jennifer,謝慧賢
Jefferson， Gary,謝千里
Jeffrey， David,謝大衛
Jenco， Leigh,李蕾
Jenne， Jeremiah,張志勱
Jeong， Janice Hyeju,鄭惠朱
Jerdén， Björn,葉必揚
Jessup， J. Brooks,江建明
Ji， Fengyuan,紀豐員
Ji， Michael,紀贇
Ji， Zhe,汲喆
Jia， Jinhua,賈晉華
Jia， Xijin,賈西津
Jiang， Changbin,姜長斌
Jiang， Rui,蔣銳
Jiang， Ryh-Shin,江日新
Jiang， Shuyong,蔣樹勇
Jiang， Tao,蔣濤
Jiang， Xinyan,姜新豔
Jiang， Yonglin,姜永琳
Jiang， Yu,江瑜
Jiao， Tianlong,焦天龍
Jin， Huan,金環
Jin， Jianfeng,金建峰
Jin， Qiu,金秋
Jin， Siyan,金絲燕
Jin， Yan,金燕
Jing， Jun,景軍
Jing-Schmidt， Zhuo,井茁
Jobin， Paul,彭保羅
Joby， Christopher,文良哲
Jochim， Christian,周克勤
Johansson， Perry,高洋
Johnson， Chalmers,詹隼
Johnson， Dale R.,章道犁
Johnson， David,姜士彬
Johnson， Graham,詹森
Johnson， Ian,張彥
Johnston， Alastair Iain,江憶恩
Johnston， Ian,艾喬恩
Johnston， R. F.,莊士敦
Jones， Andrew F.,安道
Jones， Stephen,鍾思第
Jones， William C.,鐘威廉 / 瓊斯
Jordan， David K.,焦大衛
Jordon， David,焦大衛
Jortay， Coraline,喬海霖
Joseph， William A.,鄒偉廉
Jost， Alexander,曹大龍
Judd， Ellen R.,朱愛嵐
Judge， Joan,紀家珍
Julien， Stanislas,儒蓮
Jullien， François,朱利安
Jung， Boyoung,丁甫榮
,
K,
Kachniewska， Magdalena,康宇晞
Kaden， Klaus,賈騰
Kafalas， Philip,高化嵐
Kahn， Harold,康無為
Kahn-Ackermann， Michael,阿克曼
Kaikkones， Marja,蓋瑪雅
Kais， Alexander,艾立德
Kaiser， Marjolijn,柯悠倫
Kaiser， Thomas,王漢誠
Kajdański， Edward,愛德華
Kalinowski， Marc,馬克
Kallio， Jyrki,高玉麒
Kaltenmark， Maxime,康德謨
Kam， Foong Janice,甘鳳
Kaneko， Shuichi,金子修一
Kang， Jie,康婕
Kang， Wenqing,康文慶
Kang， Xiaofei,康笑菲
Kao， Chen-yang,高晨揚
Kao， S. Y. Karl,高辛勇
Kao， Wei H.,高維泓
Kao， Yu-kung,高友工
Kao， Yuang-kuang,高永光
Karasawa， Yasuhiko,唐澤靖彥
Karl， Rebecca,柯瑞佳
Karlgren， Bernard,高本漢
Karvelyte， Kristina,柯絲婷
Kaske， Elisabeth,白莎
Kasoff， Ira,葛艾儒
Katz， Paul R.,康豹
Katz， Sophia,柯書斐
Kaup， Katherine P.,白荷婷
Kautz， Ulrich,高立希
Kavalski， Emilian,卡米廉
Ke， Chuanren,柯傳仁
Kee， Hiau Looi,紀曉蕊
Keenan， Barry,秦博理
Keene， Donald,柯內
Keightley， David N.,吉德煒
Keinan-Segev， Einor,柯一諾
Kelliher， Daniel,柯丹青
Kelley， Anna K.,黃柯靉娜
Kempa， Thomas,柯山
Keng， Ching,耿晴
Kenzheakhmet， Nurlan,努爾蘭
Kerfant， Céline E.,范瑟琳
Kerlan-Stephens， Anne,柯安娜
Kern， Iso,耿寧
Kern， Martin,柯馬丁
Keulemans， Pieter,古柏
Keum， Hieyeon,琴喜淵
Keyworth， George,紀強
Khan， Almaz,韓學鋒
Khayutina， Maria,夏玉婷
Khomenko， Olga,奧伊麗
Khor， Boon Eng,許文榮
Khor， Teik Huat,許德發
Kiely， Jan,楊凱里
Kieschnick， John,柯嘉豪
Kieser， Annette,安然
Killigrew， John W.,柯強威
Kim， Ha Poong,金河豊
Kim， Ho-dong,金浩東
Kim， Hyun Jung,金賢貞
Kim， Jeehey,金芝潓
Kim， Ji-hyun,金志玹
Kim， Kwang-ok,金光億
Kim， Najung,金娜廷
Kim， Ray Dongryul,金東烈
Kim， Samuel,金淳基
Kim， Taeho,金泰虎
Kim， Yangsu,金良守
Kim， Yongshin,金榮信
Kindall， Elizabeth,金漪妮
Kindermann， Gottfried-Karl,金德曼
King， Ambrose Y.C.,金耀基
King， Gail O.,蓋爾·金
King， Paul,金培堯
King， Richard,金瑞
King， Winnie,金婉玲
Kink， Sabine,金霞筆
Kinkley， Jeffrey C.,金介甫
Kinney， Anne B.,司馬安
Kinzley， Judd C.,金家德
Kipnis， Andrew B.,任柯安
Kirby， William C.,柯偉林
Kirkland， Russell,柯克蘭
Kironska， Kristina,柯蓉卡
Kit， Sivin,郭曉鳴
Kitano， Hsuan Chang,張璿
Klaiman， Todd,牟傳門
Klebba， Weronika,柯文妮
Kleeman， Faye Yuan,阮斐娜
Kleeman， Terry F.,祁泰履
Klein， Kenneth,柯蘭谷
Kleutghen， Kristina,李啟樂
Klimeš， Ondřej,林昂
Klöpsch， Volker,呂褔克
Klöter， Henning,韓可龍
Klotzbücher， Sascha,柯路山
Knapp， Keith,南愷時
Knapp， Ronald G.,那仲良
Knechtges， David R.,康達維
Knechtges， Taiping Chang,張泰平
Knight， Sabina,桑稟華
Ko， Dorothy,高彥頤
Ko， K'un-hua,戈鯤化
Kobayashi， Tomoo,小林知生
Köckritz， Angela,安可馨
Köhn， Livia,柯恩／孔維雅
Kolb， Raimund,科爾博
Kölla， Brigitte,柯佩琪
Kolmaš， Josef,高馬士
Kolpashnikova， Kamila,高明蕊
Komjathy， Louis,康思奇
Kong， Eva Lüdi,林小發
Kong， Kit-fan,江結芬
Kong， Shuyu,孔書玉
Koon， Yeewan,官綺雲
Koort， Jekaterina,葛佳
Kopper， Akos,高博雅
Kornreich， Yoel,孔揚
Kory， Stephan S.,柯思迪
Koscianski， Artur Jan,葛亞瑟
Koss， Nicholas,康士林
Köster， Hermann,顧若愚 / 顧成德
Kotar， Saša Istenič,薩學東
Kouwenhoven， Frank,高文厚
Kowallis， Jon Eugene von,寇致銘
Kowitsthienchai， Voranong,陳美芝
Koyama， Fujio,小山富士夫
Kozha， Ksenia,謝尼婭
Kozin， Ernest,楊肅
Knechtges， David,康達維
Kracke， Edward,柯睿格
Krader-Schlesinger， Ruth,史蕾仙
Kramer， Stefan,曠斯凡
Kraus， Richard,高樂
Krause， Carsten,康易清
Kraushaar， Frank,柯世浩
Krawczyk， Adrian,康阿迪
Krijgsman， Rens,武致知
Kristinsson， Thorsteinn,柯廷森
Kroes， Heinrich,胡魯士
Kröger， Teppo,柯泰柏
Kroker， Eduard,羅度華
Kroll， Paul W.,柯睿 / 號慕白
Krumbein， Frédéric,孔鵬飛
Kryukov， Michael V.,劉克甫
Kryukov， Vassili,劉華夏
Ku， Julian,古舉倫
Ku， Kun-hui,顧坤惠
Kuah-Pearce， Khun Eng,柯群英
Kuan， Chee-Wah,關志華
Kuan， Ping-Yin,關秉寅
Kubin， Wolfgang,顧彬
Kubler， Cornelius C.,顧百里
Kuczera， Stanislaw,顧哲
Kuepers， Jac,柯博識
Kuhlmann， Dirk,顧迪康
Kuhn， Dieter,庫恩
Kuhn， Philip A.,孔飛力
Kuijp， Leonard W. J. van der,范德康
Kuiper， P.N.,高柏
Kukeev， Dordzhi,道爾吉
Kulp， Daniel H.,葛學浦
Kumar， Yukteshwar,餘德爍
Kung， Hsiang-te,孔祥德
Kung， Hui-I,鞏惠儀
Kung， James Kai-sing,龔啟聖
Küng， Hans,孔漢思
Kunz， Leon Nelson,王禮豪
Kuo， Cheng-tian,郭承天
Kuo， Chunghao,郭忠豪
Kuo， Mei-fen,郭美芬
Kuo， Ming-Sung,郭銘松
Kuo， Pio,郭忠豪
Kuo， Tai-chun,郭岱君
Kuo， Ya-pei,郭亞珮
Kupfer， Peter,柯彼德
Kurdyumov， Vladimir A.,耿華
Kuriyama， Shigehisa,栗山茂久
Kurtz， Joachim,顧有信
Kutcher， Norman,柯啟玄
Kuznetsova-Fetisova， Marina,顧曼莉
Kuzuoglu， Ulug,孔思宇
Kwee， Hui Kian,郭慧娟
Kwok， Kim,郭儉
Kwok， Pui-lan,郭佩蘭
Kwok， Theodore J.,郭存仁
Kwong， Anna Yee Ngan,鄺綺顏
,
L,
Łabȩdzka， Izabella Dorota,華小莉
Lackner， Michael,郎宓榭
Ladany， L.,勞達一
Laffin， Christina,賴可馨
Lagerwey， John,勞格文
Lai， Chi Kong,黎志剛
Lai， Chi-tim,黎志添
Lai， Guolong,來國龍
Lai， James S.,賴士宏
Lai， John T. P.,黎子鵬
Lai， Karyn,賴蘊慧
Lai， Ming-chiu,黎明釗
Lai， Ming-yan,黎明茵
Lai， Pan-chiu,賴品超
Lai， Rongdao,釋融道
Lai， Hsi-san,賴錫三
Lai， Whalen,黎惠倫
Laitinen， Kauko,高歌
Laliberté， André,安德瑞
Lam， Adam,林勇
Lam， Annie,林純慧
Lam， Anthony S. K.,林瑞琪
Lam， Jason Tsz Shun,林子淳
Lam， Joseph S. C.,林萃青
Lam， Lap,林立
Lam， Tong,林東
Lam， Wing-Keung,林永強
Lamley， Harry Jerome,藍厚理
Lamouroux， Christian,藍克利
Lampe， Evan,藍培
Lams， Lutgard,藍露潔
Lancashire， Douglas,藍克實
Landers， James R.,藍瞻梅
Landry， Pierre F.,李磊
Landry-Deron， Isabelle,藍莉
Lang， Graeme,梁景文
Langlois， John D.,藍德彰
Lanselle， Rainier,藍碁
Lanteigne， Marc,蘭馬克
Lao， Sze-Kwang,勞思光
LaPolla， Randy,羅仁地
Larson， Wendy,文棣
Lary， Diana,戴安娜
Latourette， Kenneth S.,賴德烈
Lau， D.C.,劉殿爵
Lau， Frederick,劉長江
Lau， Joseph S. M.,劉紹銘
Lau， Kwok-ying,劉國英
Lau， Lawrence J.,劉遵義
Lau， Lawrence Y. K.,劉宇光
Lau， Ngar-sze,劉雅詩
Lau， Ulrich,勞武利
Laufer， Berthold,勞費爾
Laughlin， Charles A.,羅褔林
Laureillard， Marie,羅蕾雅
Laurent， Caroline,羅愷琳
Lauwers， L.,郎衛師
Lavagnino， Alessandra Cristina,蘭珊德
Lavoix， Valérie,華蕾立
Lavrač， Maja,瑪雅
Lawergren， Bo,勞鎛
Lawton， Thomas,羅覃
Lazzarotti， Marco,李克
Lazzarotto， Angelo S.,梁作祿
Lean， Eugenia,林郁沁
Le Blanc， Charles,白光華
Lebbe， Frédéric-Vincent,雷鳴遠
Lecher， Hanno,雷哈諾
Ledderose， Lothar,雷德候
Lee， An-ru,李安如
Lee， Archie C. C.,李熾冒
Lee， Chee Leong,李志良
Lee， Cheuk Yin,李焯然
Lee， Chin-Chuan,李金銓
Lee， Ching Kwan,李靜君
Lee， Deung Yearn,李騰淵
Lee， Dong Seong,李東星
Lee， Fong-mao,李豐楙
Lee， Gyungwon,李京源
Lee， Haiyan,李海燕
Lee， Huey-ling,李慧玲
Lee， Hwa-Wei,李華偉
Lee， I-yun,李衣雲
Lee， James Z.,李中清
Lee， Jen-der,李貞德
Lee， Jinok,李晉沃
Lee， John,李若善
Lee， Kar-shui,李家樹
Lee， Kwai Sang,李貴生
Lee， Leo Ou-Fan,李歐梵
Lee， Lily Xiao Hong,蕭虹
Lee， Mah Ngee,呂瑪莉
Lee， Mei-Yen,李美燕
Lee， Ming-huei,李明輝
Lee， Nae-young,李來榮
Lee， Pauline,李博玲
Lee， Peter K.H.,李景雄
Lee， Pui-Yin Vivian,李佩然
Lee， Sherman E.,李雪曼
Lee， Shi-rong,李世蓉
Lee， Sing Hui,李欣蕙
Lee， Sonya,李琛妍
Lee， Sukhee,李蘇姬
Lee， Seung-joon,李丞浚
Lee， Taling,李大陵
Lee， Thomas H.C.,李弘祺
Lee， Tong Soon,李忠順
Lee， Tsonghan,李宗翰
Lee， Yee Lak Elliot,李依肋
Lee， Yenyi,李彥儀
Lee， Yokshiu F.,李煜紹
Lee， Yoon Kyong,李倫京
Lee， Yoonkyung,李允卿
Lee， Yu-chen,李玉珍
Lee-Kalisch， Jeong-hee,李靜姬
Leeb， Leopold,雷立柏
Lefeuvre， Jean,雷煥章
Legge， James,理雅格
Lehner， Georg,雷喬治
Lei， Beatrice Bi-qi,雷碧琦
Lei， Daphne P.,雷碧瑋
Lei， Sean Hsiang-lin,雷祥麟
Leipelt-Tsai， Monika,蔡莫妮
Leloup， Violaine,李鳳蘭
Leng， Shaochuan,冷紹佺
Leonard， Jane Kate,林珍珠
Leong， Kar Yen,梁家恩
Leong， Sow-Theng,梁肇庭
Leow， Wei Yi,廖威裕
Lerner， Federico,費德
Lessing， F.,雷興
Lettere， Laura,文月桂
Leung， Andrew K. P.,梁建邦
Leung， Angela Ki Che,梁其姿
Leung， Audrey,梁孝慈
Leung， Beatrice,梁潔芬
Leung， Frankie Fook-lun,梁福臨
Leung， Thomas In-Sing,梁燕城
Leung， Wing-Fai,梁穎暉
Leutner， Mechthild,羅梅君
Levan， Valerie Michele,雷薇
Levenson， Joseph R.,列文森／賴文森
Levering， Miriam,羅梅如
Lévi， Jean,樂唯
Levine， Ari Daniel,李瑞
Lévy， André,雷威安
Levy， Dore,李德瑞
Lewis， Mark Edward,陸威儀
L’Haridon， Béatrice,羅逸東
Li， Audrey Y.H.,李艷惠
Li， Bozhong,李伯重
Li， Charles N.,李訥
Li， Chenyang,李晨陽
Li， Cheng,李成
Li， Chi,李濟
Li， Chohming,李卓敏
Li， Chris Wen-chao,李文肇
Li， Chu-tsing,李鑄晉
Li， Fang-Kuei,李方桂
Li， Feng,李峰
Li， Geng,李耕
Li， Guoping,李國平
Li， Guoqing,李國慶
Li， Hongshan,李洪山
Li， Hua,李樺
Li， Huai-yin,李懷印
Li， Jin,李晉
Li， Jin,李瑾
Li， Jinyan,李金豔
Li， Lianjiang,李連江
Li， Kin Sum,李建深
Li， Maosen,李茂森
Li， Melody,黎韻孜
Li， Nan,黎楠
Li， Peter,李彼德
Li， Ping,李平
Li， Qiancheng,李前程
Li， Ruru,李如茹
Li， Shenglan,李勝藍
Li， Shih-Chieh Ilya,李士傑
Li， Siu Leung,李小良
Li， Tze-chung,李志鐘
Li， Victor H.,李浩
Li， Wai-yee,李惠儀
Li， Wei,李煒
Li， Wenchao,李文潮
Li， Wendan,李文丹
Li， Xiaobing,李小兵
Li， Xiaorong,李小榮
Li， Xuetao,李雪濤
Li， Xun,李遜
Li， Yafei,李亞非
Li， Yen-hui Audrey,李艷惠
Li， Yih-yuan,李亦園
Li， Yongji,李泳集
Li， Yuhang,李雨航
Li Mowry， Hua-yuan,李華元
Lian， Xian-Da,連心達
Liang， David M.,梁銘越
Liang， Tianshuang,梁天爽
Liang， Yong (Edward),梁永
Liang， Zai,梁在
Liao， Hsien-huei,廖咸惠
Liao， Ping-hui,廖炳惠
Liao， W. K.,廖文魁
Liao， Xavier L. W.,廖立文
Libbrecht， Ulrich,李倍始
Lieberman， Frederic,李伯曼
Liebenthal， Walter,李華德
Lieberthal， Kenneth,李侃如
Liebman， Benjamin L.,李本
Lien， Chinfa,連金發
Lien， Donald,連大祥
Lien， Pei-te,連培德
Ligeti，Louis,李蓋提
Ligot， Damien,李皓
Lim， An-King,林安慶
Lim， Hock Eam,林福炎
Lim， Ivy Maria,林美玲
Lim， Jason,林捷勝
Lim， Paul Joseph,林發財
Lim， Su Hwan,林秀桓
Lim， Wah Guan,林華源
Lin， Chen-Yuan,林振源
Lin， Ching-chih,林敬智
Lin， Da,林達
Lin， Eric,林奇伯
Lin， Hsiao-ting,林孝庭
Lin， J.W.,林若望
Lin， Jenny,林珍妮
Lin， Jih-wen,林繼文
Lin， Kun-chin,林昆謹
Lin， Le,藺樂
Lin， Man-Houng,林滿紅
Lin， Nan,林南
Lin， Nancy,林靜雲
Lin， Pei-yin,林姵吟
Lin， Shin-rou,林欣柔
Lin， Shuen-fu,林順夫
Lin， Sylvia Li-chun,林麗君
Lin， T.H. Jonah,林宗宏
Lin， Tso-yu Calvin,林左裕
Lin， Tsu-cheng,林祖誠
Lin， Tsung-cheng,林宗正
Lin， Wan-i,林萬億
Lin， Wei-cheng,林偉正
Lin， Wei-chieh,林維杰
Lin， Wei-Ping,林瑋嬪
Lin， Wei-Yu,林偉瑜
Lin， Yi-min,林義民
Lin， Yusheng,林毓生
Lin-Gorecká， Wei Yun,林蔚昀
Linck， Gudula,林可／顧鐸琳
Lincoln， Toby,林濤
Lindblom， John A.,林仰嵩
Linder， Birgit,彭吉蒂
Lindqvist， Cecilia,林西莉
Lindsay， Michael Francis Morris,林邁可
Linduff， Katheryn,林嘉琳
Ling， Pick Soon,林畢順
Ling， Teck Soon,林德順
Ling， Vivian,淩志韞
Ling， Xiaoqiao,凌筱嶠
Lingley， Kate,龍梅若
Link， E. Perry,林培瑞
Liou， To-Hai,劉德海
Lipinsky， Astrid,李雅瑞
Lippiello， Tiziana,李蒂 ／ 李集雅
Liščák， Vladimír,李世佳
Littrup， Leif,李來福
Litzinger， Ralph A.,李瑞福
Liu， C.S. Luther,劉辰生
Liu， Cary Y.,劉怡瑋
Liu， Chiao-mei,劉巧楣
Liu， Chiung-yun Evelyn,劉瓊云
Liu， Chun-Jo,劉君若
Liu， Elaine M.,劉美辰
Liu， Feng-Hsi,劉鳳樨
Liu， Fu-Kuo,劉復國
Liu， Guohui,劉國輝
Liu， Guoli,劉國立
Liu， Hanzhang,劉含章
Liu， Haoming,劉皓明
Liu， Hsiang-kwang,劉祥光
Liu， James C.,劉淸景
Liu， James J.Y.,劉若愚
Liu， James T.C.,劉子健
Liu， Jen-Peng,劉人鵬
Liu， Jennifer,劉珍妮
Liu， Joan,劉麗君
Liu， Johanna,劉千美
Liu， Kuan-Hsien,劉冠賢
Liu， Kwang-ching,劉廣京
Liu， Lening,劉樂寧
Liu， Li,劉莉
Liu， Liangni Sally,劉良妮
Liu， Lizhi,劉立之
Liu， Lydia,劉禾
Liu， Marjory Bong-Ray,劉邦瑞
Liu， Meizhu,劉梅竹
Liu， Michael Guoqing,劉國慶
Liu， Michael Shiyung,劉士永
Liu， Peng,劉鵬
Liu， Peng,劉澎
Liu， Philip Hsiaopong,劉曉鵬
Liu， Qingping,劉清平
Liu， Ruomei,柳若梅
Liu， Shao-hua,劉紹華
Liu， Shufen,劉淑芬
Liu， Shu-hsien,劉述先
Liu， Ta-chung,劉大中
Liu， Tao Tao,劉陶陶
Liu， Tik-sang,廖迪生
Liu， Tsang-Long,劉滄龍
Liu， Ts’ui-jung,劉翠溶
Liu， Ts’un-yan,柳存仁
Liu， Tsung-wei,劉從葦
Liu， Weijian,柳維堅
Liu， William Guanglin,劉光臨
Liu， Wu-chi,柳無忌
Liu， Xiaohong,劉曉弘
Liu， Xiaoyuan,劉曉原
Liu， Xin,劉新
Liu， Xinmin,劉辛民
Liu， Xun,劉迅
Liu， Yingsheng,劉迎勝
Liu， Yinxing,劉蔭惺
Liu， Zhen,劉震
Liu， Zhiwei,劉志偉
Livaccari， Christopher M.,李克立
Llamas， Regina,雷伊娜
Lloyd， Geoffrey Ernest Richard,羅界
Lo， Andrew H.B.,盧慶濱
Lo， Chih-Cheng,羅致政
Lo， Irving Yucheng,羅鬱正
Lo， Jung-pang,羅榮邦
Lo， Ming-cheng,駱明正
Lo， Shih-lung,羅仕龍
Lo， Vivienne,羅維前
Lo， Winston,羅文
Lo， Yuet Keung,勞悅強
Lodén， Torbjörn,羅多弼
Loehr， Max,羅越、羅樾
Loewe， Michael,魯惟一
Loewenthal， Rudolph,羅文達
Lomová， Olga,羅然
Long， Yan,龍彥
Longobardi， Niccolò,龍華民
Lopes， Helena F. S.,羅愛蓮
Lorge， Peter,龍沛
Lotveit， Tryggve,羅特維
Loubere， Nicholas,盧寧
Louie， Kam,雷金慶
Loureiro， Rui Manuel,羅理路
Lousianin， Sergey G.,魯佳寧
Louzon， Victor,盧松
Lovell， Julia,藍詩玲
Low， Choo Chin,劉楚君
Low， Meng Yeow,劉銘耀
Löwenthal， Rudolf,羅文達
Lowry， Kathryn A.,羅開雲
Loy， Hui-Chieh,黎輝傑
Lu， Bingfu,陸丙甫
Lü， Daji,呂大吉
Lu， Guang,盧光
Lu， Fengming,陸風鳴
Lu， Haimo,陸海默
Lu， Hanchao,盧漢超
Lu， Jie,呂杰
Lu， Jin,魯進
Lu， Lianghao,盧亮昊
Lu， Mei-Huan,呂玫鍰
Lu， Miaw-fen,呂妙芬
Lu， Ning,陸寧
Lü， Pengzhi,呂鵬志
Lu， Tina,呂立亭
Lu， Victoria Yung-Chih,陸蓉之
Lu， Weijing,盧葦菁
Lu， Wilbur Bing-yan,魯炳炎
Lü， Pengzhi,呂鵬志
Lü， Xiaobo,呂小波
Lü， Xiaobo,呂曉波
Lu， Xiaoning,陸小寧
Lu， Yang,陸揚
Lu， Yunfeng,盧雲峰
Lu， Yuxin,呂玉新
Lu， Zhenzhen,陸珍楨
Lu， Zongli,呂宗力
Lubman， Stanley B.,陸思禮
Luca， Dinu,迪努
Lui， Tsun-Yuen,呂振原
Luk， Gary Chi-hung,陸志鴻
Luk， Yu-ping,陸於平
Lullo， Sheri A.,盧詩蕊
Lundbæck， Knut,龍伯格
Luo， Hai,羅海
Luo， I-To,駱維道
Luo， Liang,羅靚
Luo， Manling,羅曼玲
Luo， Qin,洛秦
Luo， Wei,羅偉
Luo， Weiwei,羅娓娓
Lupke， Christopher,陸敬思
Łuszczykiewicz， Antonina,陸安寧
Lynn， Richard John,林理彰
,
M,
Ma， Jianxiong,馬健雄
Ma， Jing-heng Sheng,馬靜恆
Ma， Laurence,馬潤潮
Ma， Linfei,馬躪非
Ma， Tai-loi,馬泰來
Ma， Xiaohe,馬小鶴
Ma， Y. W.,馬幼垣
Ma， Zhongdong,馬忠東
Ma， Zoudan,馬奏旦
Macauley， Melissa A.,麥柯麗
Mackerras， Colin,馬克林
MacNair， Harley F.,宓亨利
Madsen， Richard,趙文詞
Maggiorelli， Lorenzo,馬勞倫
Magistry， Pierre,馬基石
Magone， Rui P.,馬國瑞
Mailla， Joseph-Anna-Marie de Moyriac de,馮秉正
Mair， Victor H.,梅維恆
Major， John S.,馬絳
Major， Kornelia,馬秋菊
Makeham， John,梅約翰
Malek， Roman,馬雷凱
Maliavin， Vladimir,馬良文
Malighetti， Roberto,馬力羅
Malmqvist， Göran,馬悅然
Manela， Erez,曼尼拉
Manfredi， Paul,魏樸
Manguin， Pierre-Yves,莽甘
Manion， Melanie,墨寧
Mann， James,孟捷慕
Mann， Susan,曼素恩
Mann， Wilhelm,孟威廉
Mansilla Grippa， Ana Gabriela,安伯佳
Manske， Britta,滿碧濤
Manuel， Ryan,阮邁強
Mao， Han-kuang,毛漢光
Mao， Nathan K.,毛國權
Marchal， Kai,馬愷之
Marchman， Kendall,馬可曼
Maréchal， Chrystelle,麥里筱
Marin-Lacarta， Maialen,瑪婭蓮
Marinaccio， Jessica Ann,馬哲詩
Mark， Lindy Li,李林德
Marks， Robert B.,馬立博
Marsh， Steven,馬強
Marsh， Susan,韓素珊
Marsili， Filippo,瑪飛利
Marsone， Pierre,馬頌仁
Martin， Desmond,馬定
Martin， Jeffrey,馬振華
Martin， Helmut,馬漢茂
Martin， William， A.P.,丁韙良
Martin-Liao， Tienchi,廖天琪
Martinez Arranz， Alfonso,馬勇
Martini， Giuliana,竺樂安
Marton， Andrew,馬昂主
Maruyama， Hiroshi,丸山宏
Martzloff， Jean-Claude,馬若安
Masini， Federico,馬西尼
Maspero， Henri,馬伯樂
Mateer， Calvin Wilson,狄考文
Mateo， José Eugenio Borao,鮑曉鷗
Mateos， Fernando,沈啟元
Mather， Richard B.,馬瑞志
Mathews， Gordon,麥高登
Mathews， R.H.,馬守真
Mathison， Christina S.W. Burke,傅瑋思
Matsumoto， Kōichi,松本浩一
Matten， Marc,王馬克
Matthews， Rebecca,馬蕊佳
Matthews， Stephen,馬詩帆
Matthews， Williams,馬偉倫
Matthias， Christian,田默迪
Mattlin， Mikael,馬凱
Mattos， Gilbert L.,馬幾道
Matura， Tamas,馬都亞
Mayer， Rupprecht,梅儒佩
Mazanec， Thomas,余泰明
M’Bondjo， Maud,卓楚德
McCausland， Shane,馬嘯鴻
McClellan， Tommy,馬軻蘭
McConaghy， Mark,莫加南
McCraw， David R.,麥大偉
McCreery， John,馬約翰／麥克瑞
McDermott， Joseph,周紹明
McDonald， Edward,馬愛德
McDonald， Ewan,慕昱安
McDougall， Bonnie S.,杜愽妮
McDowall， Stephen,馬蒂文
McGee， Neil,梅冠群
McGrath， Jason,馬杰聲
McKay， Trever,余其濬
McKhann， Charles F.,孟徹理
McKinnon， E. Edwards,馬金龍
McKnight， Brian,馬伯良
McLaren， Anne,馬蘭安
McLean， Bradley,孟柏
McMahon， Daniel M.,米丹尼
McMahon， Keith,馬克夢
McMullen， David,麥大維
McNair， Amy,倪雅梅
McNaught， Douglas,麥震雲
McNeal， Robin,羅斌
McRae， John R.,馬克瑞
McVadon， Eric,麥利凱
Mecsi， Beatrix,墨思璧
Medhurst， Walter Henry,麥都思
Medeiros， Evan,麥艾文
Meesomboonpoonsuk， Suwannarat,王文愛
Mei， Kuang-ti,梅光迪
Mei， Tsu-lin,梅祖麟
Meinert， Carmen,梅開夢
Meisner， Maurice,馬思樂
Mende， Erling von,馮門德
Menegon， Eugenio,梅歐金
Meng， Sue,孟素
Meng， Ye,蒙頁
Meng， Yue,孟悅
Menheere， Yves,孟逸夫
Menshikov， Lev,孟列夫
Menzger， Thomas,墨子刻
Menzies， Gavin,孟席斯
Menzies， James M.,明義士
Meskill， John,穆四基
Messner， Angelika,史安梅
Metzger， Thomas A.,墨子刻
Meulenbeld， Mark,梅林寶
Meunier， Marjorie,馬若涵
Meyer， Christian,麥立昂
Meyer， Dirk,麥笛
Meyer， Mahlon,馬一龍
Meyer-Fong， Tobie,梅爾清
Meynard， Thierry,梅謙立
Miao， Wei,苗偉
Michael， Franz Henry,梅谷
Michael， Thomas,米拓
Michelson， Ethan,麥宜生
Micollier， Evelyne,艾美玲
Middendorf， Ulrike,梅道芬
Milburn， Olivia,米歐敏
Milcinski， Maja,馬亞
Miles， Steven B.,麥哲維
Miller， Allison,米艾玲
Miller， Harrison,米海瑞
Miller， James,苗建時
Miller， Lucin,米樂山
Miller， Tom,唐米樂
Millward， James,米華健
Minford， John,閔福徳
Mino， Kazue,三野和惠
Minzner， Carl,明克勝
Misch， Peter,米士
Mish， John,米仕
Mitchell， Derek,米德偉
Mittler， Barbara,梅嘉樂
Miura， Shūichi,三浦秀一
Miya， Noriko,宮紀子
Miyakawa， Hisayuki,宮川尚志
Mizukami， Masaharu,水上雅晴
Mizuno， Norihito,水野智仁
Mo， June Young,牟俊英
Moazzin， Ghassan,孟嘉升
Mochizuki， Mike,望月
Mohr， Michel,蒙葦
Mok， Robert T.,莫德昌
Mokros， Emily,墨安屴
Moll-Murata， Christine,莫克莉
Möller， Hans-Georg,梅勒
Mollier， Christine,穆瑞明
Momesso， Lara,江麗
Montt， Maria,孟瑪麗
Monterroso， Leonel,萊奧耐
Moon， Byung-Do,文炳道
Moon， Kyungyun,文敬淵
Moran， Thomas,穆潤陶
Moretti， Costantino,牟和諦
Morgan， Daniel Patrick,墨子涵
Morgan， Evan,莫安仁
Mori， Yuria,森由利亜
Morse， Hosea B.,馬士
Moser， David,莫大偉
Moser， Michael,毛瑟
Mostaert， Antoine,田清波
Mostern， Ruth,馬瑞詩
Mote， Frederick Wade,牟復禮
Mou， Huaichuan,牟懷川
Mozias， Ilia,莫一山
Mozina， David,莫達夫
Mu， Aili,穆愛莉
Mubah， Ahmad Safril,慕白
Mueggler， Erik,木克爾
Mugitani， Kunio,麥谷邦夫
Mukherji， Priyadarsi,墨普德
Müller， Eva,梅薏華
Müller， Wilhelm K.,彌維禮
Müller-Saini， Gotelind,顧德琳
Mullie， Joseph,閔宣化
Mulready-Stone， Kristin,苗可秀
Mulvenon， James,毛文傑
Mungello， David,孟德衛
Munro， Donald Jacques,孟旦
Murakami， Masatoshi,村上政俊
Murata， Sachiko,村田幸子
Murowchick， Robert E.,慕容捷
Murphy， Tim,莫非 ／ 墨菲
Murray， Julia,孟久麗
Murthy， Viren,慕維仁／慕唯仁
Muscolino， Micah S.,穆盛博
Musgrove， Charles,莫林
Muyard， Frank,梅豪方
Myers， Ramon Hawley,馬若孟
Myhre， Karin,麥瑞怡
,
N,
Nadeau， Randall,那原道
Nagel-Angermann， Monique,丁慕妮
Naitō， Konan,內藤湖南
Nakajima， Chieko,中島知惠子
Nakajima， Takahiro,中島隆博
Nakládalová， Iveta,一凡
Nam， Chang-hee,南昌熙
Nappi， Carla,那葭
Naquin， Susan,韓書瑞
Naran， Dugarjav,那仁
Nathan， Andrew James,黎安友
Nattier， Jan,那體慧
Navarro， Abraham,艾博翰
Neder， Christine,雷丹
Nedostup， Rebecca,張倩雯
Nee， Victor,倪志偉
Needham， Joseph,李約瑟
Nelson， Sarah M.,南莎娜
Neri， Corrado,柯漢東
Netting， Laura,聶婷
Névot， Aurélie,歐荷麗
Ng， Boon Sim,吳文芯
Ng， Carly,伍若寧
Ng， Daisy S. Y.,伍湘畹
Ng， How Wee,黃浩威
Ng， Kenny Kwok-kwan,吳國坤
Ng， Kwai Hang,吳貴亨
Ng， Margaret Wee-Siang,黃薇湘
Ng， On-cho,伍安祖
Ngai， Mae,艾明如
Ngo， Tak-Wing,吳德榮
Nguyen， Nam,阮南
Nickel， Lukas,倪克魯
Nickerson， Peter,倪輔乾
Nicolini-Zani， Matteo,馬明哲
Nienhauser， William H， Jr.,倪豪士
Nikaido， Yoshihiro,二階堂 善弘
Ning， Chunyan,寧春言
Ning， Cynthia,任友梅
Ning， Qiang,寧強
Niou， Emerson,牛銘實
Nip， Yee Man Joyce,聶依文
Nivison， David S.,倪德衛
Nomura， Haruka,野村悠
Norman， Jerry,羅傑瑞
Norton， Judith,朱迪絲
Novotná-Heřmanová， Zdenka,傅思端
Nugent， Christopher M.B.,倪健
Nürnberger， Marc,甯馭
Nyitray， Vivian-Lee,南微莉
Nylan， Michael,戴梅可
,
O,
Obert， Mathias,宋灝
O'Brien， Kevin,歐博文
O’Brien， Roderick,山顯治
Ocko， Jonathan,歐中坦
Oded， Abt,歐克德
Oey， Thomas G.,黃美樹
Ogata， Isamu,尾形勇
Ohlendorf， Hardina,歐蒂娜
Ohnesorge， John K.M.,歐志強
Oi， Jean C.,戴慕珍
Okay， Bülent,歐凱
Oki， Yasushi,大木康
Oksenberg， Michel C.,歐邁格
Olberding， Garret,歐經朋
Olds， Kelly B.,魏凱立
Olles， Volker,歐理源
Olivová， Lucie,包捷
Ong， Chang-Woei,王昌偉
Ong， Jiayun Elvin,翁加運
Ong， Roberto K.,王珍瑤
Orell， Julia,朱麗雅
Orsborn， Matt,歐慧峰
Oshanin， Ilya Mikhailovich,奧沙寧
Osnos， Evan,歐逸文
Østergaard， Clemens Stubbe,孟思淵
Osterwalder， Alois,歐樂思
O’Toole， Raymond,歐特儒
Ott， Margus,熊古思
Ou， Koei-hing,歐凱新
Overmyer， Daniel L.,歐大年
Oviedo， Eduardo Daniel,奧維多
Owen， Stephen,宇文所安
Ownby， David,王大為
Oyanagi， Shigeta,小柳司気太
Oyen， Meredith,歐陽梅
,
P,
Pacey， Scott,龐思考
Packard， Jerome,裴吉瑞
Palát， Augustin,白利德
Palmer， David A.,宗樹人
Palmer， Martin,彭馬田
Palumbo， Antonello,白安敦
Palumbo-Liu， David,劉大衛
Pamuk， Nuray,月光
Pan， Feng-Chuan,潘鳳娟
Pan， Haihua,潘海華
Pan， Junliang,潘君亮
Pan， Mingshen,潘銘燊
Pan， Ping,潘平
Pan， Qiuping,潘秋萍
Pang， Huiping,彭慧萍
Pang， Oi Ying Irene,彭藹盈
Pang-White， Ann,龐安安
Pankenier， David,班大為
Pantsov， Alexander Vadimovich,潘佐夫
Papadimos， Andrew Christie,裴安德
Paper， Jordan,裴玄德
Paris， Marie-Claude,白梅麗
Parish， William L.,白維廉
Park， Ah-Rim,朴雅林
Park， So Jeong,朴素晶
Parker， Edward H.,莊延齡
Parker， Peter,伯駕
Parks， Shih Sandra,石瑾珊
Parsons， James B.,潘瞻睦
Pas， Julian,包如廉
Pastor-Ferrer， Jean-Claude,克羅德
Pastreich， Emmanuel,貝一明
Paterson， Duncan,杜克
Pattinson， David,柏迪臣
Pauthier， Guillaume,鮑吉耶
Payne， Christopher,潘恩
Pearce， Scott,裴士凱
Pearlstein， Elinor,潘思婷
Pearson， Margaret,裴松梅
Peerenboom， Randy P.,裴文睿
Peffer， Nathaniel,裴斐
Pei， Minxin,裴敏欣
Pei， W.C.,裴文中
Pelliot， Paul,伯希和
Pělucha， Radek,法力
Pelzer， Thorben,李雷雷
Peng， Guoxiang,彭國翔
Peng， Hsiao-yen,彭小妍
Peng， Tao,彭濤
Peng， Yusheng,彭玉生
Penkower， Linda,潘林德
Penny， Benjamin,裴凝
Pepper， Suzanne,胡素珊
Perdue， Peter,濮德培
Perez-Cheng， Shiany,鄭夏霓
Perkuhn， Josie-Marie,雷瑪麗
Perng， Ching-Hsi,彭鏡禧
Pernin， Judith,朱迪
Perny， Paul Hubert,童保綠
Perrins， Robert John,白仁思
Perry， Elizabeth J.,裴宜理
Petech， Luciano,伯戴克
Peterson， Willard J.,裴德生
Petrovčič， Mateja,馬蒂雅
Pettier， Jean-Baptiste,裴劍白
Pettit， Jonathan E. E.,裴玄錚
Pfister， Lauren F.,費樂仁
Pfister， Louis,費賴之
Philion， Stephen,方迪
Phillips， Steven,費世文
Phillips， Tina,費婷
Pian， Rulan Chao,趙如蘭 / 卞趙如蘭
Piasecki， Jakub,謝佳倫
Piccinini， Chiara,夏慕華
Picken， Laurence,畢鑑
Pickowicz， Paul G.,畢克偉
Pidhainy， Ihor,裴海寧
Pieke， Frank N.,彭軻
Pillsbury， Michael,白邦瑞
Pilz， Erich,皮爾茲
Pines， Yuri,尤銳
Pino， Angel,安必諾/安畢諾
Pissin， Annika,李雲深
Pittman， Jon,白德滿
Pittman， Samuel,皮東關
Plaks， Andrew,浦安迪
Plassen， Jörg,虛說
Platzerová， Barbora,林百合
Plumer， James Marshall,普拉瑪
Plümmer， Franziska,普信鳳
Poceski， Mario,伯理奥
Poerner， Michael,裴明德
Pohl， Karl-Heinz,卜松山
Pokora， Timoteus,鮑格洛
Politi， Giancarlo,曾祺光
Pomeranz， Kenneth,彭慕蘭
Pong， David,龐百騰
Poo， Mu-chou,蒲慕州
Poon， Mingsun,潘銘燊
Poon， Shuk-wah,潘淑華
Popova， Irina,波波娃
Poppe， Nicholas N.,鮑培
Porter， Bill (aka Red Pine),赤松
Porter， Deborah Lynn,裴碧蘭
Portugali， Adiel,平安鼔
Poskaite， Loreta,蘿瑞塔
Potter， Pitman,彭德
Powell， William,鮑畏廉
Powers， Martin J.,包華石
Pregadio， Fabrizio,玄英
Preker， Simon Hendrik,博西蒙
Protass， Jason Avi,蒲傑聖
Prüch， Margarete,羅梅
Průšek， Jaroslav,普實克
Ptak， Roderich,普塔克
Puente-Ballesteros， Beatriz,白雅詩
Puett， Michael,普鳴
Pulleyblank， Edwin G.,蒲立本
Purtle， Jennifer,裴珍妮
Pušić， Radosav,普西奇
Puska， Susan,蒲淑蘭
Pye， Lucian Wilmot,白魯恂
,
Q,
Qian， June Xiaojun,錢小軍
Qian， Nanxiu,錢南秀
Qin， Guoshuai,秦國帥
Qin， Julia Ya,秦婭
Qin， Lei,秦蕾
Queen， Sarah A.,桂思卓
,
R,
Rabut， Isabelle,何碧玉
Rachewiltz， Igor de,羅依果
Radich， Michael,何書群
Raft， David Zebulon,雷之波
Rahav， Shakhar,夏海
Rahmann， Rudolph,雷冕
Raibaud， Martine,海博
Rankin， Mary B.,冉玫鑠
Raphals， Lisa A.,瑞麗
Rapoport， Olga,郭靜云
Rawnsley， Ming-Yeh T.,蔡明燁
Rawski， Evelyn S.,羅友枝
Rawson， Jessica,羅森
Raz， Gil,李福
Rea， Christopher G.,雷勤風
Read， Benjamin L.,芮傑明
Reardon， Lawrence C.,李道明
Rebull， Anne,安妮
Reed， Christopher A.,芮哲非
Rees， Helen,李海倫
Reich， Aaron Kenna,冉安仁
Reichelt， Karl Ludvig,艾香德
Reichwein， Adolf,利奇溫
Reid， Gilbert,李佳白
Reifler， Erwin,羅逸民
Reilly， Michael,麥瑞禮
Reischauer， Edwin Oldfather,賴世和
Reiter， Florian C.,常志靜
Relinque Eleta， Alicia,雷琳克
Relyea， Scott,李皓同
Rémusat， Jean Pierre Abel,雷暮沙
Renn， Jürgen,雷恩
Rexroth， Kenneth,王紅公
Reyes， Vicente Jr. Chua,雷文森
Reynolds， Douglas R.,任達
Rhoads， Edward,路康樂
Rhode， Grant F.,駱格德
Rhyden， Edmund,雷敦和
Riboud， Pénélope,黎北嵐
Ricci， Matteo,利瑪竇
Rich， Timothy,芮宗泰
Richardson， Kurt Anders,李克德
Richey， Jeffrey,利傑智
Richter， Antje,李安琪
Richter， Jiagu,項佳谷
Richter， Matthias L.,李孟濤
Rickett， Adele A.,李又安／李幼安
Rickett， W. Allyn,李克
Riddle， Ronald,李斗
Riegel， Jeffrey K.,王安國
Riemenschnitter， Andrea,洪安瑞
Riep， Steven L.,饒博榮
Riftin， Boris,李褔清
Rigger， Shelley,任雪麗
Ringmar， Erik,林瑞谷
Ristivojević， Dušica,杜鵑華
Ritter， Jürgen,周裕耕
Roberts， Moss,羅慕士
Robertson， Maureen,雷麥倫
Robinet， Isabelle,賀碧來
Robinson， David M.,魯大維
Robinson， Douglas,羅德恪
Robson， James,羅柏松
Rockhill， William W.,柔克義
Roddy， Stephen,斯定文
Roelcke， Silvia,羅溪薇
Roetz， Heiner,羅哲海
Rofel， Lisa,羅麗莎
Rogaski， Ruth,羅芙芸
Rogers， Donald,羅紹唐
Rogers， Roy Anthony,永健
Rohsenow， John,羅聖豪
Rojas， Carlos,羅鵬
Rolston， David L.,陸大偉
Rom， Avital,艾葦婷
Romano， Roselyn Hsueh,薛媖月
Romberg， Alan,容安瀾
Rong， Xue Lan,戎雪蘭
Ropp， Paul S.,羅溥洛
Rösch， Petra,石翠
Rosemont， Henry,羅思文
Rosen， Stanley,駱思典
Rošker， Jana,羅亞娜
Rosner， Erhard,羅斯納
Ross， Claudia,羅雲
Ross， Robert,陸伯彬
Roth， Harold D.,羅浩
Rousselle， Erwin,魯雅文
Rowe， David N.,饒大衛
Rowe， William T.,羅威廉
Roy， David T.,芮效衛
Rozelle， Scott,羅思高
Ruan， Danqing,阮丹青
Ruan， Fangfu,阮芳賦
Rubinstein， Murray A.,張格物
Rudakowska， Anna,安娜
Rudelson， Justin,陸德生
Rudolph， Jennifer M.,何漢威
Ruf， Gregory A.,葛瑞峰
Rühl， Theo,盧華民
Ruitenbeek， Klaas,魯克斯
Rule， Paul,魯保祿
Rusk， Bruce,阮思德
Russell， Terence C.,羅德仁
Russell， Yves,晨光
Ryckmans， Pierre,李克曼
Ryden， Edmund,雷敦龢
Rysakova， Polina,包麗娜
Ryu， Yongwook,柳墉昱
Ryzhenkov， Semen,壘謝苗
Rzanna， Ewa,秋玖壹
,
S,
Sabattini， Elisa,艾麗沙
Saeki， P.Y.,佐伯好郎
Sagart， Laurent,沙加爾
Sahoo， Sudhasmita,向禾
Saich， Anthony J.,賽奇
Sailer， Randolph C.,夏仁德
Saito， Asako,齊藤朝子
Saje， Mitja,薩米加
Sakai， Tadao,酒井忠夫
Salguero， Pierce,古尚行
Salmon， Claudine,蘇爾夢
Sanchez， Alejandro Penataro,彭艾龍
Sanchez Romera， Alfonso,艾符
Sandel， Michael,桑代爾
Sanderovitch， Sharon,桑雅如
Sanders， Graham,孫廣仁
Sanders， Robert,沈德思
Sanft， Charles,陳力強
Sangren， P. Steven,桑高仁，桑格瑞
Santangelo， Paolo,史華羅
Santos， Goncalo D.,江紹龍
Sapio， Flora,孫曉
Sargent， Stuart,薩進德
Sasaki， Fumiko,佐佐木文子
Saso， Michael,蘇海涵
Sato， Ken'ichi,佐藤健一
Sato， Masayuki,佐藤將之
Saunders， Phillip C.,孫飛
Saussy， Haun,蘇源熙
Scalapino， Robert Anthony,施樂伯
Scarin， Jacopo,甘雪松
Scarpari， Maurizio,司馬儒
Schaberg， David,史嘉柏
Schaefer， William,謝牧
Schäfer， Dagmar,薛鳳
Schafer， Edward H.,薛愛華
Schak， David C.,沙學漢
Scharping， Thomas,沙爾平
Schein， Louisa,路易莎
Schell， Orville,夏偉
Schemmel， Matthias,馬深孟
Scheuer， Stephan,薛士帆
Schierlitz， Ernst,謝禮士
Schilling， Dennis,謝林德
Schillinger， Nicholas,石韜
Schiltz， Eugene,奚德榮
Schimmelpfennig， Michael,白馬
Schindelin， Cornelia,沈孟坤雅
Schinköthe， Ailika,許艾莉
Schipper， Kristofer Marinus,施舟人
Schirokauer， Conrad,謝康倫
Schlegel， Gustave,施列格／施古達
Schlepp， Wayne,施文林
Schlesinger， Jonathan,謝健
Schlüter， Morten,施呂特
Schmalzer， Sigrid,舒喜樂
Schmid， Neil,史密德 / 史瀚文
Schmidt， Jerry D.,施吉瑞
Schmidt， Stephan,施益堅
Schmidt-Glintzer， Helwig,施寒微
Schneewind， Sarah,施珊珊
Schneider， Axel,施耐德
Schneider， Florian,石若劍
Schnell， Welf H.,維快
Schoenhals， Martin,馬丁
Schonebaum， Andrew D.,宋安德
Schoppa， R. Keith,蕭邦奇
Schottenhammer， Angela,蕭婷
Schram， Stuart,施拉姆
Schreiber， Gerhard,石眉鳴
Schroeder， William,許志偉
Schubert， Gunter,舒耕德
Schuessler， Axel,許思萊
Schultz， William,舒威霖
Schulz， Larry J.,舒來瑞
Schumann， Matthias,潘悉然
Schuster， Carl,舒斯特
Schwabe， Wolfgang,施維禮
Schwarcz， Vera,舒衡哲
Schwartz， Adam Craig,史亞當
Schwartz， Benjamin I.,史華慈
Schwarz， Henry G.,烏偉君
Schwermann， Christian,史克禮
Scobell， Andrew,施道安
Scott， Gregory Adam,史瑞戈
Scruggs， Bert M.,古芃
Sedo， Tim,司徒鼎
See， Kok Fong,徐國鋒
Segal， Adam,史國力
Seidel， Anna K.,索安
Seiffert， Gregory,司戈銳
Seiwert， Hubert,蘇為德
Sela， Ori,石敖睿
Selden， Mark,塞爾登
Semelj， Téa,沙德亞
Sen， Tansen,沈丹森
Sena， David,孫大衛
Senger， Harro von,勝雅律
Senz， Anja,森茨
Seo， Tatsuhiko,妹尾達彥
Seow， Victor,蕭建業
Serfass， David,馮大偉
Sernelj， Tea,沙德亞
Serruys， Henry,司律思
Serruys， Paul L.M.,司禮義
Seta， Gabriele de,胡子哥
Shadick， Harold,謝迪克
Shahar， Meir,夏維明
Shambaugh， David,沈大偉
Shang， Wei,商偉
Shao， Baoqing,邵寶慶
Shao， Dan,邵丹
Shao， Dongfang,邵東方
Shao， Qin,邵勤
Shapiro， Roman,羅子毅
Sharf， Robert H.,夏富
Sharp， William,夏威廉
Shaughnessy， Edward L.,夏含夷
Shaw， Carl,蕭高彥
Shaw， Shih-Lung,蕭世倫
Sheehan， Brett,史瀚渤
Shek， Richard,謝克
Shelach， Gideon,吉迪
Shen， Bin,申斌
Shen， Chien-shih,沈兼士
Shen， Grace,沈德容
Shen， Grant Guangren,沈廣仁
Shen， Hsin-fu,沈信甫
Shen， Jing,沈靜
Shen， Kuiyi,沈揆一
Shen， Vincent,沈清松
Shen， Xiao-nan Susan,沈曉南
Shen， Yang,沈陽
Shen， Yeh-Ying,沈曄瀅
Shen， Zhijia,沈志佳
Sheng， Michael,盛慕真
Sheng， Yang,盛洋
Shepherd， John R.,邵式柏
Shernuk， Kyle,余仁強
Shi， Dingxu,石定栩
Shi， Huifeng,釋慧峰
Shi， Juewei,釋覺瑋
Shi， Ping,時平
Shi， Tao,石濤
Shi， Tianjian,史天健
Shi， Yaohua,史耀華
Shi， Yuzhi,石毓智
Shiba， Yoshinobu,斯波義信
Shields， Anna M.,田安
Shiga， Ichiko,志賀市子
Shih， Chih-yu,石之瑜
Shih， Chuan-kang,施傳剛
Shih， Chung-wen,時鍾雯
Shih， Fang-Long,施芳瓏
Shih， Jerome,史仁仲
Shih， Kuang-sheng,石光生
Shih， Shu-mei,史書美
Shih， Victor,史宗瀚
Shih， Vincent Yu-chung,施友忠
Shih， Wan-shun,石婉舜
Shimono， Hisako,下野壽子
Shin， Leo K.,單國鉞
Shinno， Reiko,秦玲子
Shinohara， Koichi,篠原亨一
Shirk， Susan L.,謝淑麗
Shirokogoroff， Sergei M.,史祿國
Shive， Glenn,夏龍
Shmushko， Kai,凱開心
Shu， Xiaoling,舒曉靈
Shu， Yue,舒悅
Shue， Vivienne,許慧文
Shulman， Frank,蘇文
Shun， Kwong-loi,信廣來
Shutz， Joe Travis,孫冬子
Shyu， L. N.,徐乃力
Siah， Poh Chua,謝保泉
Siaw， Yan Li,蕭晏麗
Sickman， Laurence,席克門
Sicular， Terry,史泰麗
Sieber， Patricia,夏頌
Sigurdsson， Geir,歌爾
Sih， Paul K.T.,薛光前
Sik， Hin Hung,釋衍空
Silbergeld， Jerome,謝伯柯
Silvio， Teri J.,司黛蕊
Sim， Kok Meng,沈國明
Simmons， Richard VanNess,史皓元
Simon， Karla,奚文雅
Simon， Scott,史國良
Simon， Walter,西門華德
Sing， Ming,成名
Singh， Prashant Kumar,辛柏山
Sirén， Osvald,喜龍仁
Siu， Helen,蕭鳳霞
Sivin， Nathan,席文
Skeel， Desmond,戴希夢
Skerratt， Brian,施開揚
Skinner， G. William,施堅雅
Skonicki， Doug,侯道儒
Skosey， Laura A.,郭錦
Škultéty， Radovan,雷多聞
Slingerland， Edward,森舸瀾
Sloboda， Michael,沈嘉仁
Slobodník， Martin,馬文博
Słupski， Zbigniew,史羅甫
Smart， Alan,邱寶玲
Smith， Arthur H.,明恩溥
Smith， F. Porter,史博德
Smith， Kidder,蘇德愷
Smith， Paul J.,史樂民
Smith， Richard Joseph,司馬富
Smyer Yu， Dan,郁丹
So， Alvin,蘇耀昌
So， Bennis Wai Yip,蘇偉業
So， Billy,蘇基朗
So， Francis K.H,蘇其康
So， Jenny F.,蘇芳淑
So， Kee Long,蘇基朗
So， Kai-Ho,蘇啟豪
So， Kwan-wai,蘇均煒
Soe， Valerie,蘇杏娟
Soffel， Christian,蘇費翔
Soh， Hooi Ling,蘇慧玲
Soh， Or Kan,蘇湖港
Soh， Wei Nee,蘇偉妮
Soldani， Jerôme,吳傑弘
Solinger， Dorothy J.,蘇黛瑞
Solonin， Kirill,索羅寧
Sommer， Deborah A.,司馬黛蘭
Sommer， Matthew H.,蘇成捷
Sommers， Scott,張夏石
Song， Gang,宋剛
Song， Geng,宋耕
Song， Jaeyoon,宋在倫
Song， Kue-Jin,宋圭振
Song， L.M.,宋麗梅
Song， Lianyi,宋連誼
Song， Lina,宋麗娜
Song， Ming-wei,宋明煒
Song， Weijie,宋偉傑
Song， Yongyi,宋永毅
Song， Young-bae,宋榮培
Soo， Khin Wah,蘇慶華
Soong， Stephen C.,宋淇
Soothill， Lucy,蘇路熙
Soothill， William E.,蘇慧廉
Sorokin， Vladislav,索羅金
Sovik， Arne Benjamin,魏德光
Soymié， Michel,蘇遠鳴
Spence， Jonathan Dermot,史景遷
Spengler， Tilman,史迪曼
Spiegel， Walter,史壁戈
Spiro， Audrey,司白樂
Sprenger， Arnold,孫志文
Sproule， John,約翰思
Srisupha， Ruchhira,劉麗君
St. André， James,沈安德
Staack， Thies,史達
Staël-Holstein， Alexander von,鋼和泰
Standaert， Nicolas,鍾鳴旦
Standen， Naomi,史懷梅
Stanford， James N.,史傑明
Stange， Hans O.H.,斯坦格
Stanley-Baker， Michael,徐源
Stapleton， Kristin,司昆侖
Starr， Chloë,司馬懿
Starr， Don,司馬麟
Stein， Rolf A.,石泰安
Steinen， Diether von den,石坦安
Steinfeld， Edward,史坦非
Steinhardt， Nancy,夏南悉
Steininger， Hans,石泰安
Steinmüller， Hans,石漢
Stenberg， Joshua Sidney,石峻山
Sterckx， Roël,胡司德
Sterk， Darryl,石岱崙
Stevens， Catherine,石清照
Stevenson， Mark,史麻稞
Stewart， Spencer,邵學儒
Stimson， Hugh M.,司徒修
Stockmann， Daniela,施達妮
Stokes， Mark,石明凱
Stoll， C. Todd,沈明文
Stolojan-Filipesco， Vladimir,古蔚明
Storm， Kerstin,施可婷
Štovičková， Danuška,石丹妮
Strand， David,史謙德
Strassberg， Richard E.,宣立敦
Straub， Reinhard,胡若安
Strauss， Julia,朱莉
Streiter， Oliver,奧利華
Strickmann， Michel,司馬虛
Strob， Anna,萬婷
Struve， Lynn,司徒琳
Stuebel， H.,史圖博
Stumpfeldt， Hans,司徒漢
Sturgeon， Donald,德龍
Sturgeon， Roy,羅義
Sturman， Peter,石慢
Sue， Tuohy,蘇獨玉
Sueki， Fumihiko,末木文美士
Suen， Lik,宣力
Suettinger， Robert,蘇葆立
Sugaya， Fuminori,菅谷文則
Suhadolnik， Nataša Vampelj,娜塔莎
Sukhu， Gopal,蘇古柏/夏克胡
Suleski， Ronald,薛龍
Sullivan， Jonathan,蘇利文
Sullivan， Michael,蘇利文
Sun， Anna,孫笑冬
Sun， Cecile Chu-Chin,孫築瑾
Sun， Chao-fen,孫朝奮
Sun， Chung-Hsing,孫中興
Sun， Dajin,孫大進
Sun， Ivan Y.,孫懿賢
Sun， Jingtao,孫景濤
Sun， Kang-i / Kang-i Sun Chang,孫康宜
Sun， Ken Chih-yan,孫志硯
Sun， Lin,孫琳
Sun， Mei,孫玫
Sun， Tao,孫濤
Sun， Warren,孫萬國
Sun， Wen,孫雯
Sun， William Huizhu,孫惠柱
Sun， Xuyi,孫旭義
Sun， Yan,孫雁
Sun， Yan,孫岩
Sun， Yanfei,孫硯菲
Sung， Hou-mei,宋后楣
Sung， Wen-Ti,宋文笛
Suprajitno， Stefanus,林鴻安
Surio， Victoire,阮如意
Sutter， Robert,沙特
Sutton， Donald S.,蘇堂棟
Svarverud， Rune,魯納
Svensson， Ma-Li,馬瑮
Svensson Ekström， Martin,象川马丁
Swaine， Michael,史文
Swartz， Wendy,田菱
Swaspitchayaskun， Jiranuwat,何展傑
Swatek， Catherine,史愷悌
Swietek， Ewa,姚翠玥
Swingle， Walter T.,施永格 / 施永高
Swope， Kenneth,石康
Sze-Lorrain， Fiona,施羅琳
Szentesi， Ambrus Gabor,佳博
Szeto， Mirana May,司徒薇
Szymczyński， Tomasz Rafał,沈唐民
Szonyi， Michael,宋怡明
,
T,
Tähtinen， Tero-Petteri,空山
Tai， James H.Y.,戴浩一
Tai， Michael,戴賢將
Takano， Minoru,高野実
Takashiba， Asako,高芝麻子
Takashima， Ken-ichi,高嶋謙一
Tam， Kwok-kan,譚國根
Tam， Wai Lun,譚偉倫
Tamaki， Mitsuko,玉置充子
Tan， Alexander C.,陳永褔
Tan， Aoshuang,譚傲霜
Tan， Chang-kwo,譚昌國
Tan， Chee-Beng,陳志明
Tan， Chung,譚中
Tan， Geok Chin Ivy,陳玉貞
Tan， Li hai,譚力海
Tan， Liok Ee,陳綠漪
Tan， Sooi Beng,陳瑞明
Tan， Teng Phee,陳丁輝
Tan， Tian Yuan,陳靝沅
Tan， Wen Nee,陳雯妮
Tan， Wooi Yee,陳韋亦
Tan， Ying Jia,陳穎佳
Tan， Yun-shan,譚云山
Tang， Anthony Matthew,唐宗明
Tang， Denise Tse-Shang,鄧芝珊
Tang， Jonathan Ming-en,湯銘恩
Tang， Kuo-yang,湯國揚
Tang， Peter Sheng-hao,唐盛鎬
Tang， Siufu,鄧小虎
Tang， Wenfang,唐文方
Tang， Xiaobing,唐小兵
Tao， Demin,陶德民
Tao， Hongyin,陶紅印
Tao，Jing-shen,陶晉生
Tapp， Nicholas,王富文
Tarocco， Francesca,樂羽音
Tay， William,鄭樹森
Taylor， Jeremy,戴杰銘
Taylor， Romeyn,戴樂
Tcheng， Ki-Tong,陳季同
Teiser， Stephen F.,太史文
Teiwes， Frederick C.,泰偉斯
Templeman， Kharis,祁凱立
Teng， Chung-Chian,鄧中堅
Teng， Emma J.,鄧津華
Teng， Jianhui,滕建輝
Teng， Shou-Hsin,鄧守信
Teng， Ssu-yu,鄧嗣禹
Teng， Weijen,鄧偉仁
Teoh， Karen May-Shen,張美嫻
Terrill， Ross,譚若思
Tertitski， Konstantin,郭杰
Testerman， Nicolas N.,邰立楷
Thai， Philip,蔡駿治
Tham， Shiao Wei,譚曉薇
Thatcher， Melvin P.,沙其敏
Theiss， Janet,戴真蘭
Theobald， Ulrich,田宇利
Théry， François,田執中
Thierrée， Blaise,白思杰
Thim， Michal,廷米賀
Thøgersen， Carsten Boyer,曹伯義
Thøgersen， Stig,曹詩弟
Thomas， Nicholas,唐寧思
Thome， Stephan,施益堅
Thompson， John,湯橋
Thompson， Paul,譚樸森
Thompson， Sandra,湯珊迪
Thonfeld， Christoph,陶克思
Thoraval， Joël,杜瑞樂
Thornber， Karen L.,唐麗園
Thote， Alain,杜德蘭
Thrasher， Alan R.,展艾倫
Thurston， Anne F.,石文安
Tian， Miao,田淼
Tian， Min,田民
Tian， Xiaofei,田曉菲
Ticozzi， Sergio,田英傑
Tiedemann， R. G.,狄德滿
Tien， H. Yuan,田心源
Tillman， Hoyt C.,田皓 / 田浩
Tillman， Margaret Mih,田梅
Ting， Caroline,丁小雨
Ting， Jen,丁仁
Ting， Jen-chieh,丁仁傑
Ting， Pang-hsin,丁邦新
Tischer， Jacob Friedemann,田雅各
Tiwald， Justin,田史丹
Tkacik， John,譚慎格
Toland， Poppy,陶麗萍
Toleno， Robban A.J.,杜若彬
Tong， Chee Kiong,唐志強
Tong， Enzheng,童恩正
Tong， Kin-woon,唐建垣
Tong， Shiqian,童詩倩
Tong， Te-kong,唐德剛
Tong， Yanqi,童燕齊
Tongtagorn， Chanokphorn,楊明玉
Torbert， Preston,圖伯特
Trapp， James,蒲華傑
Trappl， Richard,李夏德
Trauzettel， Rolf,陶德文
Travagnin， Stefania,史芬妮
Trombert， Eric,童丕
Tsai， Dylan W.T.,蔡維天
Tsai， Julius N.,蔡南亭
Tsai， Kathryn A.,蔡安妮
Tsai， Kellee S.,蔡欣怡
Tsai， Lily,蔡莉莉
,
Tsai， Shuling,蔡淑玲
Tsai， Suey-Ling,蔡穗玲
Tsai， Yen-zen,蔡彥仁
Tsai， Yi-chan,蔡宜展
Tsai， Yi-jia,蔡怡佳
Tsai， Ying-Chun,蔡英俊
Tsai， Yuan-Lin,蔡源林
Tsang， Michael Yat-him,曾逸謙
Tsang， Steve,曾銳生
Tsao， Feng-fu,曹逢甫
Tsao，Pen-yeh,曹本冶
Tschanz， Dietrich,詹富國
Tscharner， Eduard Horst von,常安爾
Tschepe， Alfred,彭亞伯
Tse， Justin K.H.,謝堅恆
Tseng， Chih-mien Adrian,曾稚棉
Tseng， Lillian Lan-Ying,曾藍瑩
Tseng， Tsui-Chi,曾垂祺
Tseng， Yu-chin,曾育勤
Tsien， Tsuen-Hsuin,錢存訓
Tsin， Michael,錢曾瑗
Tsomu， Yudru,金紅梅
Tsou， Tang,鄒讜
Tsu， Jing,石靜遠
Tsu， John B.,祖炳民
Tsui， Chung-hui,崔中慧
Tsui， Lik Hang Lincoln,徐力恆
Tsui， Winnie,徐瑋
Tsukamoto， Zenryū,塚本善隆
Tsuruzono， Yuki,鶴園裕基
Tu， Ching-I,涂經詒
Tu， Feng-en,涂豐恩
Tu，Lien-che,杜聯喆
Tu， Wei-ming,杜維明
Tucker， Nancy Bernkopf,唐耐心
Tulli， Antonella,圖莉
Tung， Hans H.,童涵浦
Turcsanyi， Richard,杜瑞奇
Turner， Karen,高道蘊
Twitchett， Denis C.,杜希德
Tyldesley， Esther,狄星
Tzeng， Ovid,曾志朗
,
U,
Übelhör， Monika,余蓓荷
Ulbinaite， Aurelija,吳莉雅
Underhill， Anne P.,文德安
Unger， Jonathan,安戈
Unschuld， Paul,文樹德
Upton， John Christopher,歐啟祥
Utz ， Christian,思想悟子
,
V,
Vacatello， Davide,呂布
Vala， Carsten T.,魏忠克
Valussi， Elena,阿琳娜
Vamos， Peter,王俊逸
Van Brakel， Jaap,柯靂平
Van Crevel， Maghiel,柯雷
Van Daele， Raphaël,戴若飛
Van de Ven， Hans J.,方德萬
Van den Brandt， J.,方立中
Van der Kuijp， Leonard W J,范德康
Van der Valk， M.,范可法
Van der Veer， Peter,范彼德
Van der Wees， Gerrit,韋傑理
Van Dyke， Paul A.,范岱克
Van Els， Paul,葉波
Van Ess， Hans,葉翰
Van Genechten， Edmund,方希聖
Van Gulik， Hans,高羅佩
Van Hecken， Joseph,賀歌南
Van Looy， Nathalie,羅珏
Van Ness， Peter,范乃思
Van Norden， Bryan,萬百安
Van Zoeren， Steven,范佐崙 / 范佐仁
Vance， Brigid,范莉潔
Vanden Bussche， Eric,萬德煦
Vandermeersch， Léon,汪德邁
Vanderstappen， Harrie A.,斯德本 / 范德本
Varsano， Paula M.,方葆珍
Vasil’ev， V. P.,王西里
Veg， Sebastian,魏簡
Venture， Olivier,風儀誠
Vercammen， Dan K. J.,費丹凝
Verchenko， Alla,韋艾蘭
Verellen， Franciscus,傅飛嵐
Verhaeren， Hubert Germain,惠澤霖
Vermander， Benoît,魏明德
Vermeer， Eduard B.,弗美爾
Vervoorn， Aat,文青雲
Vesterová， Barbora,巍白璧
Vetch， Hélène,魏普賢
Vetrov， Viatcheslav,思風
Vidmar， Matjaž,魏馬江
Vierthaler， Paul,李友仁
Vihan， Jan,魏宏澤
Villard， Florent,費南
Vinci， Renata,海風
Vinograd， Richard,文以誠
Vinogradov， Andrei,魏安褔
Virag， Curie,鄭貴利
Visser， Robin,魏若冰
Vissière， Arnold,微席葉
Vitiello， Giovanni,魏矚安
Vogel， Ezra F.,傅高義
Vogel， Hans Ulrich,傅漢思
Vogt， Nicholas,侯昱文
Volkov， Alexei,琅元
Volpp， Sophie,袁書菲 / 元蘇菲
Voskresensky， Dimitry Nikolaevich,華克生
Voss， Hinrich,傅恒昕
Vradiy， Sergey,傅樂吉
Vuilleumier， Victor,宇樂文
Vynckier， Henk,馮翰士
,
W,
Wachman， Alan,華安瀾
Wade， Geoff,韋傑夫
Wade， Thomas Francis,威妥瑪
Wädow， Gerd,魏道恒
Wagner， M. L.,魏瑪莎
Wagner， Rudolf G.,瓦格納
Waisova， Sarka Cabadova,白夏爾
Wakabayshi， Masahiro,若林正丈
Wakeman， Frederic Evans， Jr.,魏斐德
Wakin， Eric,魏肯
Walden， Lauren,勞倫
Walder， Andrew G.,魏昂德
Waldron， Arthur N.,林霨
Waley， Arthur,韋利
Waley-Cohen， Joanna,衛周安
Walker， Galal LeRoy,吳偉克
Walker， Richard M.,華樂勤
Waltner， Ann,王安
Walton， Linda,萬安玲
Wan， Ming,萬明
Wan， Sze-kar,溫司卡
Wang， Aihe,王愛和
Wang， Ay-ling,王璦玲
Wang， Ban,王斑
Wang， Bo,王博
Wang， C.H.,王靖獻
Wang， Camille,王芳
Wang， Chaohua,王超華
Wang， Chelsea Zi,王紫
Wang， Chenguang,王晨光
Wang， Chengzhi,王成志
Wang， Chi-chen,王際真
Wang， Chien-ch’uan,王見川
Wang， Ching-ju,王靜如
Wang， David Der-Wei,王德威
Wang， Di,王笛
Wang， Edward,王晴佳
Wang， Eugene Yuejin,汪悅進
Wang， Fan-sen,王汎森
Wang， Fei-ling,王飛凌
Wang， Feng,王豐
Wang， Fu-chang,王甫昌
Wang， George Chung,王中
Wang， Gungwu,王賡武
Wang， Haixia,汪海霞
Wang， Hongtu,王宏圖
Wang， Hongying,王紅纓
Wang， Hong-zen,王宏仁
Wang， Hsiu-huei,王秀惠
Wang， Hua,王華
Wang， Isabel,王艷君
Wang， Jessica Ching-sze,王清思
Wang， Jian,王堅
Wang， Jianwei,王建偉
Wang， Jiaosheng,王椒生
Wang， Jing,王瑾
Wang， Jing,王靜
Wang， Jiong,王炯
Wang， John C. Y.,王靖宇
Wang， Jong,王仲
Wang， Julie,王曉燕
Wang， Liming,王黎明
Wang， Li-jung,王俐容
Wang， Lingzhen,王玲珍
Wang， Liping,汪利平
Wang， Li-wen,王莉雯
Wang， May,樓佔梅
Wang， Meixiu,王美秀
Wang， Mingming,王銘銘
Wang， Ming-te,王明德
Wang， Nian-tzu,王念祖
Wang， Phillys T.,汪次昕
Wang， Q. Edward,王晴佳
Wang， Qing,王清
Wang， Ray,王韻
Wang， Richard,王崗
Wang， Sangui,王三貴
Wang， Shaoguang,王紹光
Wang， Shuofeng,王碩豐
Wang， Song-mu,王松木
Wang， Tch’ang-tche,王昌祉
Wang， Vincent Wei-Cheng,王維正
Wang， William S.Y.,王士元
Wang， Xiao-jue,王曉玨
Wang， Xiaoqiang,王小強
Wang， Xinyang,王心揚
Wang， Xueying,王雪迎
Wang， Yanjun Isabel,王艷君
Wang， Yeh-chien,王業鍵
Wang， Yi-chu,汪一駒
Wang， Yi-t’ung,王伊同
Wang， Ying,王迎
Wang， Yu-san,王育三
Wang， Zheng,王政
Wang， Zhengxu,王正緒
Wang， Zhicheng,王志誠
Wang， Zhusheng,王築生
Wang， Zichu,王子初
Wang， Zuoyue,王作躍
Wang-Riese， Xiaobing,王霄冰
Wank， David L.,王達偉
Ward， Julian,汪居廉
Wardega， Artur,萬德化
Ware， James R.,威厄
Warner， Ding Xiang,丁香
Wasserstrom， Jeffrey N.,華志建
Watson， Burton,華茲生
Watson， James L.,華琛  / 屈顺夫
Watson， Rubie S.,華如璧
Watt， James,屈志仁
Wawrytko， Sandra,華珊嘉
Weber， Anton,溫安東
Weber， Ralph,韋寧
Webster， Timothy,魏天煦
Wechsler， Howard,魏侯瑋
Wedell-Wedellsborg， Anne,魏安娜
Wei， Betty Peh-Ti,魏白蒂
Wei， Chun-juan Nancy,衛純娟
Wei， Karen T.,陳同麗
Wei， Lia,魏離雅
Wei， Shiyu Louisa,魏時煜
Wei， Yang,魏陽
Weidner， Marsha,魏盟夏
Weidner， Terry,魏德彰
Weigelin-Schwiedrzik， Susanne,魏格林
Weightman， Frances,魏特曼
Weil， Dror,魏卓生
Weiner， Benno,魏本岩
Weingarten， Oliver,韋禮文
Weinstein， John,吳文思
Weiss， Ruth,魏璐詩
Welch， Holmes,尉遲酣
Weld， Susan R.,羅鳳鳴
Wellens， Koenraad,楊魁明
Weller， Robert P.,魏樂博
Wells， Matthew,馬修
Welter， Albert,魏雅博
Wemheuer， Felix,文浩
Wen， Ming,文鳴
Wen， Shu-fan,溫書帆
Wen， Zheng,文錚
Weng， Tu-chien,翁獨健
Wenren， Jun,聞人軍
Wenzel， Christian,文哲
Werner， Sabine,魏莎彬
Werzner， Eugenia,甄雅
Wesolowski， Zbigniew,魏思齊
West， Andrew C.,魏安
West， Matthew,魏仲然
West， Stephen H.,奚如谷
Westad， Odd Arne,文安立
Weyrauch， Thomas,韋唐仕
Wheeler， Norton,吳寧華
White， Lynn T.， III,白霖
White， Theodore Harold,白修德
White， William,懷履光
Whitehead， Ray,白理明
Whitfield， Susan,魏泓
Whiting， Susan,白素珊
Whitson， William Wallace,惠策恩
Whyte， Martin King,懷默霆
Wiant， Bliss M.,範天祥
Wichmann， Elizabeth,魏莉莎
Wickeri， Philip,魏克利
Wicks， James,韋傑生
Widmer， Ellen,魏愛蓮
Wieger， Léon,戴遂良
Wiemer， Calla,魏凯
Wiens， Mi Chu,居蜜
Wiethoff， Bodo,魏波渡
Wijaya， Elizabeth,黃麗慧
Wilbur， Clarence Martin,韋慕庭
Wilhelm， Hellmut,衛德明
Wilhelm， Richard,衛禮賢／尉禮賢
Wilkinson， Endymion,魏根深
Will， Pierre-Etienne,魏丕信
Wille， Alexander,魏立德
Willemen， Charles,魏查理
Williams， Crispin,魏克彬
Williams， Nicholas Morrow,魏寧
Williams， Philip F.,魏綸
Williams， Samuel W.,衛三畏
Wills， John E.， Jr.,衛思韓
Wilms， Sabine,碧悅華
Wilson， Thomas A.,魏偉森
Winkler， Sigrid,溫克樂
Wippermann， Dorothea,韋荷雅
Wirgin， Jan C.,韋俊
Wiseman， Nigel,魏迺傑
Witek， J. W.,魏若望
Witkowska， Sylwia,謝莉
Witt， Barbara,魏易萱／衛易萱
Wittern， Christian,維習安
Wittfogel， Karl August,魏特夫
Witzleben， Lawrence J.,衛慈朋
Wixted， John Timothy,魏世德
Woesler， Martin,吳漠汀
Wolf， Arthur,武雅士
Wolf， Margery,盧蕙馨
Won， Jaeyoun,元載淵
Wong， Aida,阮圓
Wong， Chan-Yuan,王振源
Wong， Christine P. W.,黃佩華
Wong， Chuen-Fung,黃泉鋒
Wong， Danny Tze Ken,黃子堅
Wong， Dorothy,王靜芬
Wong， Elaine,黃心儀
Wong， Isabel K.F.,黃瓊潘
Wong， J. Y.,黃宇和
Wong， King Chung,王景松
Wong， Kwok-yiu,王國堯
Wong， Lisa Lai-ming,黃麗明
Wong， Mark Y.,黃韌
Wong， Nicholas Y. H.,王學權
Wong， R. Bin,王國斌
Wong， Shiau Ching,黃曉清
Wong， Shirleen S.,黃秀魂
Wong， Simon Man-ho,黃敏浩
Wong， Siu-kit,黃兆傑
Wong， Timothy,黃宗泰
Wong， Tinkei,黃天琦
Wong， Yee Lam Elim,黃以琳
Wong， Young-tsu,汪榮祖
Wongchai， Anupong,王傑
Woo， Lisa C.,任長正
Woo， Margaret Y.K.,伍綺劍
Woo， Tak-ling Terry,吳德齡
Woo， Wing Thye,胡永泰
Wood， Frances,吳芳思
Woodside， Alexander,伍思德
Woolley， Nathan,吳南森
Woolridge， Chuck,吳克強
Worm， Verner,沃姆
Worthy， Edmund H.,衛文熙
Wright， Arthur,芮沃壽
Wright， David Curtis,賴大衛
Wright， Henry T.,華翰維
Wright， Mary Clabaugh,芮瑪麗
Wright， Suzanne,芮粟杉
Wright， Tim,韋立德
Wu， Ben,吳犇
Wu， Chia-Yun,吳佳芸
Wu， Chin-yen Anne,吳瑾嫣
Wu， Chyuan-Yuan,吳泉源
Wu， Cuncun,吳存存
Wu， David Y. H.,吳燕和
Wu， Der-yuan Maxwell,吳得源
Wu， Edna,武慶雲
Wu， Eugene,吳文津
Wu， Fusheng,吳伏生
Wu， Eugene,吳文津
Wu， Gabriel,吳耀宗
Wu， Hongyu,吳紅雨
Wu， Hsin-Yang,吳欣陽
Wu， Hung,巫鴻
Wu， Jason,吳煜炎
Wu， Jiang,吳疆
Wu， Joan,胡月暖
Wu， Jui-Man (Mandy),吳瑞滿
Wu， Junqing,鄔雋卿
Wu， Keping,吳科萍
Wu， Michelle M.,吳敏嘉
Wu， Pei-yi,吳百益
Wu， Rwei-ren,吳睿人
Wu， Shengqing,吳盛青
Wu， Wenguang,吳文光
Wu， Xiaogang,吳曉剛
Wu， Xiaolong,吳霄龍
Wu， Xiaoming,伍曉明
Wu， Yenna,吳燕娜
Wu， Yi-Li,吳一立
Wu， Yinghui,吳穎慧
Wu， Yu-shan,吳玉山
Wu， Yuanli,吳元黎
Wu， Yuanying,吳園英
Wu， Zhuo Jun Justin,吳卓駿
,
X,
Xiao， Chi,蕭馳
Xiao， Hong,蕭紅
Xiao， Hui Faye,肖慧
Xiao， Richard,肖忠華
Xie， Frank Tian,謝田
Xie， Wen,謝文
Xie， Xiaohui,謝曉輝
Xie， Yang,解揚
Xie， Yu,謝宇
Xie， Zhiguo,解志國
Xing， Wen,邢文
Xiong， Victor C.,熊存瑞
Xu， Chenggang,許成剛
Xu， Chun,徐淳
Xu， Dongfeng,徐東風
Xu， Guoqi,徐國琦
Xu， Hong,徐鴻
Xu， Liejiong,徐烈炯
Xu， Min,徐敏
Xu， Pei,徐沛
Xu， Shuang,徐爽
Xu， Sufeng,徐素鳳
Xu， Tong,徐彤
Xu， Zhenglin,許正林
Xu-Lackner， Yan,徐艷
Xue， Jingyu,薛京玉
Xue， Litai,薛理泰
Shi， Xue Yu,釋·學愚
Xue， Zhaohui,薛昭慧
,
Y,
Yadav， Arun Kumar,庫瑪爾
Yahuda， Michael,葉胡達
Yamaguchi， Ichiro,山口一郎
Yamane， Yukio,山根幸夫
Yamashita， Taizô,山下泰藏
Yan， Haiping,顏海平
Yan， Margaret Mian Yan,嚴綿
Yan， Yunxiang,閻雲翔
Yan， Zinan,顏子楠
Yang， Andrew N.D.（Nien-Chu Yang),楊念祖
Yang， C.K.,楊慶堃
Yang， Chuan Choong,楊傳忠
Yang， Dali,楊大利
Yang， Daniel Shih-p'eng,楊世彭
Yang， Der-Ruey,楊德睿
Yang， Dominic Meng-Hsuan,楊孟軒
Yang， Fenggang,楊鳳崗
Yang， Haosheng,楊昊昇
Yang， Hsiu-fang,楊秀芳
Yang， Huilin,楊慧林
Yang， I-Kwei (Domingo),楊一逵
Yang， Jidong,楊繼東
Yang， Lien-sheng,楊聯昇
Yang， Mayfair Mei-hui,楊美惠
Yang， Mu,楊牧
Yang， Paul Fu-mien,楊福綿
Yang， Qing,楊青
Yang， Richard Fu-sen,楊富森
Yang， Rur-bin,楊儒賓
Yang， Sheng-Ping,楊勝評
Yang， Shuhui,楊曙輝
Yang， Shu-ta,楊樹達
Yang， Tao,楊濤
Yang， Tsung-han,楊宗翰
Yang， Xiaobin,楊小濱
Yang， Xiaoneng,楊曉能
Yang， Xiaoshan,楊曉山
Yang， Zhiyi,楊治宜
Yao， Chang Kuang-tien,姚張光天
Yao， Hai-hsing,姚海星
Yao， Jen-to,姚人多
Yao， Ning,姚寧
Yao， Ping,姚平
Yao， Tao-chung,姚道中
Yao， Xiaoping,姚小平
Yao， Xinzhong,姚新中
Yates， Robin D.S.,葉山
Yau， Chi-on,游子安
Yau， Ching,游靜
Ye， Rong,葉蓉
Ye， Ruiping,葉瑞萍
Ye， Shirley,葉文靜
Ye， Tan,葉坦
Yeang， Chen Pang,楊振邦
Yee， Angelina Chun-chu,余珍珠
Yeh， Catherine Vance,葉凱蒂
Yeh， Emily Ting,葉婷
Yeh， Florence Chia-ying,葉嘉瑩
Yeh， K. C.,葉孔嘉
Yeh， Nora,葉娜
Yeh， Wen-hsin,葉文心
Yen， Ching-hwang,顏清皇
Yetts， W. Perceval,葉慈
Yeung， Daniel H. N.,楊熙楠
Yeung， Tuen Wai Mary,楊端慧
Shi， Yifa,釋·依法
Yim， Choon-sung,林春城
Yin， Binyong,尹斌庸
Ying， Fuk Tsang,邢福增
Ying， Ts’ien-li,英千里
Shi， Yinshun,釋·印順
Yip， June Chun,葉蓁
Yip， Moira,葉琳娜
Yip， Virginia,葉彩燕
Yip， Wai Lim,葉維廉
Yiu， Carine Yuk-man,姚玉敏
Yokkaichi， Yasuhiro,四日市康博
Yong， Chuan-ling,楊辰昕
Yong， Ying,雍穎
Yoshihara， Kazuo,吉原和男
Yoshikawa， Tadao,吉川忠夫
Yoshimura， Yoshiko,吉村敬子
You， Ji,由冀
Young， Ernest P.,楊格
Young， Jason,楊傑生
Young， John,楊覺勇
Young， Stuart,楊啓聖
Yu， Anthony C.,余國藩
Yu， Bin,于濱
Yü， Chün-fang,于君方
Yu， George Tzuchiao,于子橋
Yu， Jimmy,俞永峯
Yu， Pauline,余寶琳
Yu， Sabrina Qiong,余瓊
Yu， Shuenn-der,余舜德
Yu， Siu Wah,余少華
Yu， Stefanie,游欣恩
Yu， Wen,于文
Yü， Ying-shih,余英時
Yu-Dembski， Dagmar,余德美
Yuan， I,袁易
Yuan， Jing-dong,袁勁東
Yuan， Ming,袁明
Yuan， Tsing,袁清
Yuan， Tung-li,袁同禮
Yue， Isaac,余文章
Yuen， Derek M. C.,袁彌昌
Yun， Lisa,袁麗珊
Yuniarto， Paulus Rudolf,魯道夫
Yung， Bell,榮鴻曾
Yung， Sai-shing,容世誠
,
Z,
Zach， Erwin Ritter von,查赫、柴赫
Zacharias， H.C.E.,施格萊
Zajdler， Ewa,蔡素明
Zamperini， Paola,曾佩霖
Zanardi， Claudia,陳云
Zanasi， Margherita,曾瑪莉
Zang， Dongsheng,臧東昇
Zang， Xiaowei,臧小偉
Zarrow， Peter,沙培德
Zavidovskaya， Ekaterina A.,葉可嘉
Zaytsev， Roman,羅曼
Zeidl， Wolfgang,蔡德
Zeisberger， Walter,蔡思客，蔡思克
Zeitlin， Judith T.,蔡九迪
Zeitoun， Elizabeth,齊莉莎
Zelin， Madeleine,曾小萍
Zemanek， Adina,謝薀迪
Zemanek， Bogdan S.,翟伯單
Zenz， Adrian,鄭國恩
Zhai， Qiang,翟強
Zhan， Beibei,戰蓓蓓
Zhang， Boyu,張伯瑜
Zhang， Chen,章琛
Zhang， Chongfu,張崇富
Zhang， Cong Ellen,張聰
Zhang， Donghui,張東輝
Zhang， Florence Xiangyun,張香筠
Zhang， Haihui,張海惠
Zhang， Hongming,張洪明
Zhang， Jianzhong,張建中
Zhang， Juwen,張舉文
Zhang， Karl,張寬
Zhang， Li,張鸝
Zhang， Liqing,張立青
Zhang， Lok Cheung Lawrence,張樂翔
Zhang， Longxi,張隆溪
Zhang， Nongji,張農基
Zhang， Shihua,張世華
Zhang， Songjian,張松建
Zhang， Xianliang,張賢亮
Zhang， Xiping,張西平
Zhang， Xudong,張旭東
Zhang， Weihua,張偉華
Zhang， Weiwei,張維為
Zhang， Yinde,張寅德
Zhang， Ying,張穎
Zhang， Yu,張宇
Zhang， Yunshuang,張蘊爽
Zhang， Zhaoyang,張朝陽
Zhang， Zhongcheng,張忠成
Zhao， Dingxin,趙鼎新
Zhao， Lu,趙璐
Zhao， Peter Jianmin,趙建敏
Zhao， Quansheng,趙全勝
Zhao， Suisheng,趙穗生
Zhao， Wei,趙偉
Zhao， Xiaohuan,趙曉寰
Zhao， Xinshu,趙心樹
Zhao， Yingzhi,趙穎之
Zheng， Jinghai,鄭京海
Zheng， Liren,鄭力人
Zheng， Shengtian,鄭勝天
Zheng， Su,鄭蘇
Zheng， Wan-tai,鄭宏泰
Zheng， Weiting,鄭維婷
Zheng， Wentong,鄭文通
Zheng， Yangwen,鄭揚文
Zheng， Zhenman,鄭振滿
Shi， Zhiru,釋·智如
Zhou， Gang,周剛
Zhou， Li'an,周黎安
Zhou， Luo,周珞
Zhou， Minglang,周明朗
Zhou， Ning,周寧
Zhou， Peter X.P.,周欣平
Zhou， Qiren,周其仁
Zhou， Xueguang,周雪光
Zhou， Ying,周瑩
Zhou， Yiqun,周軼群
Zhou， Yuan,周原
Zhu， Xiaodong,朱曉東
Zhu， Xiaonong,朱曉農
Zhuo， Xinping,卓新平
Zimmer， Thomas,司馬濤
Zimmerman-Liu， Teresa,建瑞珍
Ziporyn， Brook A.,任博克
Zito， Angela,司徒安
Zoccatelli， Giulia,朱麗婭
Zorzin， Nicolas David,佐金
Zou， Jiping,鄒際平
Zou， Ke,鄒科
Zou， Xiuying,鄒秀英
Zuckermann， Ghil’ad,諸葛漫
Zuo， Jiping,左際平
Zuo， Xuejing,左雪靜
Zürcher， Erik,許理和
Zweig， David,崔大偉
Zuern， Tobias,陶全恩
Zurndorfer， Harriet,宋漢理
